code,ret382,ret500,ret618,ret786,hit382,hit500,hit618,hit786,h1_date,h1,l1_date,l1,h2_date,h2,l2_date,l2,drop_pct,fib618,hit_date,hit_idx,l2_idx,broke,broke_date,broke_idx,max_retr_pct,has_gap,n_bars
000008,6.896551724137945,6.896551724137945,-6.969696969696971,-6.969696969696971,True,True,True,True,2025-07-14,2.91,2025-08-04,2.73,2025-08-21,3.2,2025-09-05,2.76,13.75,3.032,2025-11-11,1035,994,True,2025-11-11,1035,179.5,False,1205
000014,12.643678160919558,12.643678160919558,12.643678160919558,12.643678160919558,True,True,True,True,2023-02-02,11.11,2023-04-25,8.65,2023-05-09,11.19,2023-05-30,9.79,12.51,10.655,2023-06-15,453,441,True,2023-06-15,453,432.9,True,1210
000017,-22.788203753351212,-22.788203753351212,-22.788203753351212,-22.788203753351212,True,True,True,True,2024-09-04,6.11,2024-09-18,5.06,2024-11-12,7.59,2024-11-27,6.26,17.52,7.082,2024-12-13,816,804,True,2024-12-13,816,106.8,False,1210
000021,-6.346153846153846,-6.346153846153846,-6.346153846153846,-6.346153846153846,True,True,True,True,2025-10-13,33.19,2025-11-21,22.49,2026-01-21,33.74,2026-02-06,26.75,20.72,31.07,2026-03-04,1108,1096,True,2026-03-18,1118,564.4,False,1210
000021,,,,,True,True,True,True,2026-02-26,35.97,2026-04-03,25.48,2026-05-27,47.03,2026-06-08,34.85,25.9,42.377,2026-06-25,1184,1172,True,2026-06-25,1184,257.4,False,1210
000031,-4.822335025380708,-4.822335025380708,-4.822335025380708,-4.822335025380708,True,True,True,True,2023-02-21,3.86,2023-03-14,3.49,2023-04-12,4.09,2023-04-27,3.55,13.2,3.884,2023-05-18,433,421,True,2023-07-25,479,194.4,False,1210
000034,-16.518813092688887,-16.518813092688887,-16.518813092688887,-16.518813092688887,True,True,True,True,2023-01-20,26.35,2023-02-09,22.88,2023-02-16,29.3,2023-03-16,24.71,15.67,27.547,2023-04-03,404,392,True,2023-04-03,404,191.9,True,1210
000035,-14.45012787723785,-14.45012787723785,-14.45012787723785,-14.45012787723785,True,True,True,True,2025-12-08,6.4,2025-12-24,5.47,2026-01-23,6.44,2026-02-10,5.79,10.09,6.192,2026-03-06,1110,1098,True,2026-03-06,1110,432.3,False,1210
000042,-2.950819672131144,-2.950819672131144,-2.950819672131144,-2.950819672131144,True,True,True,True,2025-12-03,8.75,2025-12-29,7.34,2026-01-09,8.82,2026-01-27,7.93,10.09,8.48,2026-02-12,1100,1088,True,2026-02-12,1100,287.6,False,1210
000060,,,,,True,True,True,False,2026-03-02,8.48,2026-03-23,5.71,2026-05-11,8.75,2026-06-10,6.85,21.71,8.024,2026-06-29,1186,1174,False,,-1,64.2,False,1210
000070,-6.465517241379304,-6.465517241379304,-6.465517241379304,-6.465517241379304,True,True,True,True,2026-01-12,13.3,2026-01-30,11.0,2026-03-03,20.15,2026-03-23,13.4,33.5,17.572,2026-04-09,1131,1119,True,2026-04-09,1131,187.4,False,1208
000099,-12.884043607532213,-12.884043607532213,-12.884043607532213,-12.884043607532213,True,True,True,True,2023-04-04,8.33,2023-04-25,7.22,2023-05-09,8.66,2023-05-26,7.78,10.16,8.324,2023-06-13,451,439,True,2023-06-13,451,308.0,False,1210
000159,-29.411764705882348,-29.411764705882348,-29.411764705882348,-29.411764705882348,True,True,True,True,2024-09-03,6.64,2024-09-18,5.62,2024-10-08,7.62,2024-10-18,6.07,20.34,7.028,2024-11-05,788,776,True,2024-11-05,788,203.2,False,1210
000420,-11.809045226130655,-11.809045226130655,-11.809045226130655,-17.441860465116278,True,True,True,True,2024-08-02,3.34,2024-09-18,2.68,2024-11-07,4.2,2024-11-15,3.58,14.76,3.963,2024-12-03,791,779,True,2024-12-10,796,250.0,False,1193
000420,-17.932489451476798,-17.932489451476798,-17.932489451476798,-17.932489451476798,True,True,True,True,2025-07-14,4.26,2025-08-04,3.97,2025-08-21,4.75,2025-09-04,4.09,13.89,4.498,2025-09-22,988,976,True,2025-09-22,988,227.3,False,1193
000422,-5.162738496071839,-5.162738496071839,-5.162738496071839,-5.162738496071839,True,True,True,True,2025-11-20,17.07,2025-12-16,13.51,2026-01-29,17.35,2026-02-06,14.76,14.93,16.361,2026-03-04,1108,1096,True,2026-03-04,1108,210.0,False,1210
000426,-4.423868312757218,-4.423868312757218,-4.423868312757218,-4.423868312757218,True,True,True,True,2023-04-18,9.62,2023-05-12,7.62,2023-06-14,9.77,2023-06-26,8.57,12.28,9.312,2023-07-12,470,458,True,2023-07-12,470,159.2,False,1210
000429,16.242317822651444,16.242317822651444,14.493996569468258,0.978792822185981,True,True,True,True,2024-07-09,11.37,2024-07-24,9.95,2024-10-08,12.47,2024-10-09,10.47,16.04,11.706,2024-11-19,798,769,True,2024-12-16,817,225.5,False,1210
000429,,,,,True,True,True,True,2026-04-03,13.18,2026-04-30,12.34,2026-06-10,14.24,2026-06-15,12.66,11.1,13.636,2026-07-02,1189,1177,True,2026-07-06,1191,167.1,False,1210
000498,-13.205537806176782,-22.19020172910663,-18.100000000000005,-14.935064935064934,True,True,True,True,2022-02-08,10.14,2022-03-16,7.34,2022-04-28,11.41,2022-05-25,9.03,20.86,10.501,2022-06-16,209,194,True,2022-07-12,227,119.3,False,1210
000518,3.733333333333344,3.733333333333344,3.733333333333344,3.733333333333344,True,True,True,True,2026-03-19,3.1,2026-04-07,2.73,2026-04-17,3.18,2026-04-29,2.86,10.06,3.058,2026-05-21,1158,1146,True,2026-05-21,1158,525.0,False,1208
000519,26.15384615384615,26.15384615384615,34.15051311288484,22.063666300768393,True,True,True,True,2025-04-14,17.94,2025-04-29,15.8,2025-05-12,19.29,2025-05-28,16.33,15.34,18.159,2025-06-18,937,923,True,2025-06-26,943,269.9,False,1210
000519,-17.385257301808068,-16.102470265324797,-16.102470265324797,-20.26851450844521,True,True,True,True,2025-05-12,19.29,2025-05-28,16.33,2025-07-01,23.99,2025-07-17,19.76,17.63,22.374,2025-08-05,971,958,True,2025-08-13,977,107.8,False,1210
000521,41.77949709864603,41.77949709864603,41.77949709864603,41.77949709864603,True,True,True,True,2022-12-01,4.77,2022-12-30,4.13,2023-02-27,5.29,2023-03-14,4.74,10.4,5.08,2023-03-30,402,390,True,2023-03-31,403,636.4,False,1210
000521,-12.416555407209618,-12.416555407209618,-12.416555407209618,-22.774869109947637,True,True,True,True,2023-02-27,5.29,2023-03-14,4.74,2023-04-26,8.02,2023-05-18,6.85,14.59,7.573,2023-06-05,445,433,True,2023-06-30,462,118.8,False,1210
000525,5.619596541786742,5.619596541786742,5.619596541786742,5.619596541786742,True,True,True,True,2025-01-20,6.41,2025-02-26,5.42,2025-04-02,6.77,2025-04-09,5.62,16.99,6.331,2025-04-25,877,865,True,2025-04-25,877,374.8,False,1183
000534,30.42071197411005,30.42071197411005,30.42071197411005,30.42071197411005,True,True,True,True,2025-08-05,18.24,2025-09-23,14.9,2025-11-10,23.72,2025-11-27,19.2,19.06,21.993,2025-12-15,1059,1047,True,2025-12-15,1059,662.4,False,1210
000539,-8.358208955223889,-8.358208955223889,-8.358208955223889,-8.358208955223889,True,True,True,True,2022-11-28,6.08,2022-12-22,4.86,2023-01-06,6.38,2023-01-19,5.33,16.46,5.979,2023-02-13,369,357,True,2023-02-13,369,277.1,False,1210
000539,-14.647137150466039,-14.647137150466039,-14.647137150466039,-14.647137150466039,True,True,True,True,2023-04-17,6.79,2023-05-10,5.76,2023-05-29,7.8,2023-06-14,6.56,15.9,7.326,2023-07-04,464,452,True,2023-07-10,468,135.5,False,1210
000545,-13.83647798742138,-13.83647798742138,-13.83647798742138,-13.83647798742138,True,True,True,True,2025-06-06,2.88,2025-06-23,2.32,2025-07-16,3.3,2025-07-31,2.62,20.61,3.04,2025-08-18,970,958,True,2025-08-20,972,173.5,False,1200
000555,-13.628899835796393,-13.628899835796393,-13.628899835796393,-13.628899835796393,True,True,True,True,2024-08-01,9.04,2024-08-28,7.87,2024-10-08,12.46,2024-11-04,10.83,13.08,11.837,2024-11-20,799,787,True,2024-11-20,799,316.6,False,1210
000555,-9.24242424242423,-9.24242424242423,-9.24242424242423,-9.24242424242423,True,True,True,True,2024-10-08,12.46,2024-11-04,10.83,2024-11-12,13.85,2024-11-27,11.2,19.13,12.838,2024-12-13,816,804,True,2024-12-19,820,180.8,False,1210
000558,-12.903225806451612,-12.903225806451612,-12.903225806451612,,True,True,True,False,2023-11-15,3.02,2023-11-30,2.82,2023-12-19,3.33,2023-12-28,2.85,14.41,3.147,2024-01-16,597,585,False,,-1,68.8,False,1210
000566,-8.988764044943808,-8.988764044943808,-8.988764044943808,-8.988764044943808,True,True,True,True,2022-12-13,5.11,2023-01-12,4.15,2023-04-06,5.48,2023-04-25,4.64,15.33,5.159,2023-05-16,431,419,True,2023-05-29,440,110.7,False,1210
000571,5.178571428571432,5.178571428571432,5.954465849387036,5.954465849387036,True,True,True,True,2025-07-24,5.24,2025-08-19,4.37,2025-10-14,6.2,2025-10-31,5.15,16.94,5.799,2025-11-19,1040,1027,True,2025-12-03,1050,266.7,False,1209
000571,23.32789559543229,22.368421052631593,-5.0925925925925934,-12.094395280235993,True,True,True,True,2025-10-14,6.2,2025-10-31,5.15,2025-12-08,7.01,2025-12-17,5.37,23.4,6.384,2026-01-19,1081,1060,True,2026-02-10,1097,157.3,False,1209
000582,4.39672801635993,3.0592734225621365,3.0592734225621365,3.0592734225621365,True,True,True,True,2025-11-14,9.43,2025-11-24,8.59,2025-12-26,11.07,2026-01-14,9.27,16.26,10.382,2026-02-11,1099,1079,True,2026-02-27,1105,343.9,False,1210
000586,-37.46019108280255,-37.46019108280255,-37.46019108280255,-37.46019108280255,True,True,True,True,2025-11-19,16.0,2025-11-24,12.5,2026-03-11,17.0,2026-03-23,13.56,20.24,15.686,2026-04-09,1123,1111,True,2026-04-09,1123,336.0,False,1200
000601,-6.851851851851853,-6.851851851851853,-6.851851851851853,-6.851851851851853,True,True,True,True,2024-10-08,4.57,2025-01-13,3.72,2025-02-28,4.61,2025-03-13,4.11,10.85,4.419,2025-03-31,873,861,True,2025-03-31,873,664.0,False,1198
000608,-0.5025125628140725,-0.5025125628140725,-0.5025125628140725,-0.5025125628140725,True,True,True,True,2025-11-19,2.86,2025-12-17,2.26,2026-02-05,3.9,2026-03-03,3.27,16.15,3.659,2026-03-19,1113,1101,True,2026-03-19,1113,773.0,False,1203
000610,-9.81524249422634,-9.81524249422634,-19.81566820276498,,True,True,True,False,2023-06-08,18.6,2023-06-26,15.68,2023-07-10,18.77,2023-07-17,16.25,13.43,17.807,2023-08-11,492,473,False,,-1,75.4,False,1209
000631,-10.909090909090901,-10.687022900763365,-10.687022900763365,-19.906323185011697,True,True,True,True,2025-11-14,4.0,2025-12-17,3.14,2026-01-28,4.45,2026-03-04,3.6,19.1,4.125,2026-03-27,1125,1108,True,2026-04-01,1128,110.6,False,1210
000633,-10.760233918128659,-10.760233918128659,-10.760233918128659,-10.760233918128659,True,True,True,True,2025-09-12,6.89,2025-09-23,6.06,2025-10-21,7.3,2025-11-03,6.52,10.68,7.002,2025-11-19,1036,1024,True,2025-11-19,1036,369.2,False,1205
000635,5.252100840336138,5.252100840336138,4.498977505112478,-6.103763987792465,True,True,True,True,2025-08-11,9.48,2025-09-23,7.91,2025-11-20,10.6,2025-11-21,8.64,18.49,9.851,2025-12-11,1057,1043,True,2026-02-24,1102,116.8,False,1210
000657,83.26612903225808,83.26612903225808,83.26612903225808,112.39923224568136,True,True,True,True,2025-09-02,22.29,2025-10-17,16.3,2025-10-30,26.87,2025-11-21,20.94,22.07,24.605,2025-12-09,1045,1033,True,2025-12-17,1051,989.2,True,1200
000661,0.5875255730997342,0.5875255730997342,0.5875255730997342,0.5875255730997342,True,True,True,True,2022-11-16,184.75,2022-11-28,160.18,2022-12-07,186.21,2022-12-20,165.0,11.39,178.108,2023-01-06,348,336,True,2023-01-06,348,256.6,False,1210
000665,20.912547528517123,3.157894736842093,3.157894736842093,3.4843205574912828,True,True,True,True,2025-05-13,5.43,2025-05-23,4.8,2025-06-09,6.06,2025-06-23,4.83,20.3,5.59,2025-07-25,964,940,True,2025-08-05,971,193.5,False,1210
000668,16.806020066889626,16.806020066889626,16.806020066889626,16.806020066889626,True,True,True,True,2025-09-15,10.37,2025-10-13,8.73,2025-10-24,11.0,2025-11-10,9.53,13.36,10.438,2025-11-26,1045,1033,True,2025-11-26,1045,727.2,False,1208
000669,23.396226415094333,24.087591240875895,22.142857142857153,22.142857142857153,True,True,True,True,2025-01-16,2.35,2025-04-09,1.6,2025-06-17,2.9,2025-07-02,2.51,13.45,2.751,2025-07-22,960,946,True,2025-07-23,961,300.0,False,1209
000672,,,,,True,True,True,True,2026-02-24,16.11,2026-03-23,12.18,2026-05-21,19.49,2026-06-08,15.55,20.22,17.985,2026-06-25,1184,1172,True,2026-06-25,1184,229.7,True,1210
000678,9.136690647482016,2.053388090349073,-1.5696533682145075,-6.848484848484848,True,True,True,True,2024-12-11,8.17,2025-01-13,5.51,2025-03-20,18.9,2025-04-09,9.7,48.68,15.386,2025-05-09,910,891,True,2025-05-15,914,107.9,False,1210
000681,6.530380465644536,6.530380465644536,-4.283360790774305,-9.350237717908083,True,True,True,True,2023-02-07,18.48,2023-03-16,14.23,2023-04-13,20.18,2023-04-28,15.02,25.57,18.209,2023-06-01,443,422,True,2023-06-13,451,188.4,False,1210
000681,-16.340508806262232,-16.340508806262232,-16.340508806262232,-25.48932384341637,True,True,True,True,2023-04-13,20.18,2023-04-28,15.02,2023-05-11,22.37,2023-05-26,15.8,29.37,19.86,2023-06-13,451,439,True,2023-06-14,452,136.1,False,1210
000681,48.39391377852915,48.39391377852915,48.39391377852915,34.46808510638299,True,True,True,True,2025-09-01,23.76,2025-09-23,19.16,2025-10-16,25.52,2025-10-30,20.08,21.32,23.442,2025-11-18,1040,1027,True,2025-11-24,1044,276.3,False,1210
000682,-5.571635311143264,-5.571635311143264,-8.54166666666667,-8.54166666666667,True,True,True,True,2025-11-11,13.5,2025-11-24,11.13,2026-01-20,14.96,2026-02-06,12.66,15.37,14.081,2026-03-05,1109,1096,True,2026-03-09,1111,122.6,False,1210
000691,-7.247796278158669,-7.247796278158669,-7.247796278158669,-7.247796278158669,True,True,True,True,2025-05-26,5.48,2025-07-04,4.11,2025-08-21,8.03,2025-09-08,5.73,28.64,7.151,2025-09-24,1001,989,True,2025-09-24,1001,317.4,True,1202
000692,-2.0618556701030966,-2.0618556701030966,10.66997518610422,21.749408983451524,True,True,True,True,2025-09-12,3.75,2025-09-29,3.36,2025-11-14,4.32,2025-11-21,3.59,16.9,4.041,2026-02-25,1101,1041,True,2026-03-06,1108,263.0,False,1208
000700,-24.03781228899392,-24.03781228899392,-24.03781228899392,-24.03781228899392,True,True,True,True,2025-11-11,11.5,2025-11-21,9.17,2026-01-06,15.9,2026-01-30,12.45,21.7,14.582,2026-02-25,1103,1091,True,2026-05-26,1163,180.0,False,1210
000702,-7.4681238615664896,-7.4681238615664896,-7.4681238615664896,-7.4681238615664896,True,True,True,True,2022-01-20,5.52,2022-01-26,4.49,2022-03-03,5.57,2022-03-09,4.82,13.46,5.284,2022-03-25,156,144,True,2022-03-25,156,436.0,False,1205
000707,5.473965287049398,5.473965287049398,5.473965287049398,5.473965287049398,True,True,True,True,2024-08-09,6.68,2024-08-26,5.96,2024-09-03,6.88,2024-09-18,6.1,11.34,6.582,2024-10-11,770,758,True,2024-10-11,770,329.5,False,1209
000715,-27.419354838709676,-27.419354838709676,-27.419354838709676,-27.419354838709676,True,True,True,True,2025-02-12,6.88,2025-03-05,6.27,2025-03-13,7.18,2025-03-28,6.3,12.26,6.844,2025-04-16,896,884,True,2025-04-16,896,184.1,True,1210
000721,23.90369733447979,23.90369733447979,23.90369733447979,23.90369733447979,True,True,True,True,2022-06-30,5.61,2022-10-11,3.83,2022-11-18,11.51,2022-11-25,7.53,34.58,9.99,2022-12-13,331,319,True,2022-12-13,331,372.4,False,1210
000722,-26.701119724375534,-26.701119724375534,-26.701119724375534,-26.701119724375534,True,True,True,True,2022-02-21,8.99,2022-03-16,7.67,2022-04-06,9.7,2022-04-22,7.75,20.1,8.955,2022-05-13,186,174,True,2022-05-13,186,924.1,False,1200
000726,-6.346967559943584,-6.346967559943584,-6.346967559943584,-6.346967559943584,True,True,True,True,2021-11-16,6.35,2021-12-08,5.97,2022-01-11,7.17,2022-01-26,6.28,12.41,6.83,2022-02-18,131,119,True,2022-02-18,131,187.6,False,1210
000729,1.122544434050532,1.122544434050532,1.122544434050532,1.122544434050532,True,True,True,True,2022-09-01,9.43,2022-09-19,8.35,2022-09-27,9.97,2022-10-31,8.36,16.15,9.355,2022-11-16,312,300,True,2022-11-16,312,380.1,False,1210
000736,-36.375,-36.375,-36.375,-36.375,True,True,True,True,2022-01-12,8.0,2022-03-16,6.3,2022-04-18,26.86,2022-04-25,16.3,39.31,22.826,2022-05-16,187,175,False,,-1,84.9,False,1208
000753,-7.032967032967019,-7.032967032967019,-7.032967032967019,-7.032967032967019,True,True,True,True,2022-09-15,4.11,2022-09-30,3.51,2022-10-18,4.14,2022-10-28,3.72,10.14,3.98,2022-11-15,311,299,True,2022-11-15,311,278.6,False,1210
000762,-9.772727272727277,-9.772727272727277,-9.772727272727277,-9.772727272727277,True,True,True,True,2026-01-26,30.66,2026-02-06,25.02,2026-03-02,31.77,2026-03-23,25.28,20.43,29.291,2026-04-09,1133,1121,True,2026-04-10,1134,248.8,False,1210
000766,21.99295420231504,21.99295420231504,21.99295420231504,21.99295420231504,True,True,True,True,2025-03-10,18.57,2025-04-09,15.66,2025-04-14,19.09,2025-05-06,16.83,11.84,18.227,2025-05-22,919,907,True,2025-05-22,919,577.0,False,1210
000790,4.073319755600813,-1.147227533460815,-13.36898395721925,,True,True,True,False,2022-09-13,5.03,2022-09-26,4.13,2022-12-12,6.06,2023-02-27,4.39,27.56,5.422,2023-06-21,448,379,False,,-1,73.1,False,1201
000792,8.446039194038102,8.446039194038102,8.446039194038102,8.446039194038102,True,True,True,True,2025-11-20,29.65,2025-12-16,24.64,2026-01-26,37.38,2026-02-06,31.23,16.45,35.031,2026-03-04,1102,1090,True,2026-03-05,1103,168.6,False,1204
000792,-19.160032939884708,-24.510067114093957,-22.400427693130165,-18.527315914489307,True,True,True,True,2026-01-26,37.38,2026-02-06,31.23,2026-03-13,40.9,2026-03-19,33.5,18.09,38.073,2026-04-10,1128,1113,True,2026-04-30,1142,109.5,False,1204
000796,-25.196850393700785,-25.196850393700785,-25.196850393700785,-33.03249097472924,True,True,True,True,2024-08-28,3.21,2024-09-18,3.0,2024-10-30,5.78,2024-11-19,4.12,28.72,5.146,2024-12-05,805,793,True,2024-12-13,811,112.0,False,1205
000800,-22.306959008579597,-22.306959008579597,-22.306959008579597,-22.306959008579597,True,True,True,True,2023-09-12,9.02,2023-10-24,8.52,2023-10-30,10.65,2023-11-13,8.83,17.09,9.955,2023-11-29,564,552,True,2023-11-29,564,111.5,False,1210
000802,-12.132822477650063,-12.132822477650063,-12.132822477650063,-12.132822477650063,True,True,True,True,2022-12-30,5.41,2023-02-08,4.4,2023-05-11,6.71,2023-05-25,5.68,15.35,6.317,2023-06-12,449,437,True,2023-06-12,449,342.7,False,1209
000803,-12.650602409638568,-12.650602409638568,-12.650602409638568,-12.650602409638568,True,True,True,True,2025-11-13,9.59,2025-12-05,6.5,2026-01-26,10.14,2026-02-13,8.3,18.15,9.437,2026-03-11,1113,1101,True,2026-03-11,1113,113.0,True,1210
000807,-12.8476084538376,-12.8476084538376,-12.8476084538376,-12.8476084538376,True,True,True,True,2024-12-11,15.17,2025-01-02,13.4,2025-02-10,17.35,2025-02-27,15.6,10.09,16.682,2025-03-17,875,863,True,2025-03-17,875,244.6,False,1210
000809,-7.07692307692308,-7.07692307692308,-7.07692307692308,-7.07692307692308,True,True,True,True,2025-01-09,3.39,2025-02-14,2.65,2025-03-21,3.41,2025-04-09,2.8,17.89,3.177,2025-04-28,897,885,True,2025-04-28,897,137.7,False,1203
000811,-0.464576074332157,-0.464576074332157,-0.464576074332157,-0.464576074332157,True,True,True,True,2025-08-18,15.33,2025-09-04,12.17,2025-11-07,15.59,2025-11-21,13.1,15.97,14.639,2025-12-09,1055,1043,True,2025-12-09,1055,1018.5,True,1210
000811,,,,,True,True,True,True,2026-03-02,22.08,2026-03-23,16.24,2026-05-21,38.46,2026-06-08,28.61,25.61,34.697,2026-06-25,1184,1172,True,2026-06-25,1184,303.5,True,1210
000823,-1.0638297872340274,-1.0638297872340274,3.2808398950131323,7.550761421319785,True,True,True,True,2025-09-18,14.92,2025-11-21,11.63,2025-12-10,16.35,2026-02-06,13.79,15.66,15.372,2026-03-05,1109,1096,True,2026-04-20,1140,624.2,False,1210
000829,-4.363974001856996,-4.363974001856996,-4.363974001856996,-4.363974001856996,True,True,True,True,2025-08-27,10.93,2025-09-29,9.4,2025-10-23,11.09,2025-11-21,9.98,10.01,10.666,2025-12-09,1055,1043,True,2025-12-12,1058,244.1,False,1210
000829,-4.835766423357679,-3.5714285714285587,-3.5714285714285587,-31.28249566724437,True,True,True,True,2025-10-23,11.09,2025-11-21,9.98,2025-12-02,11.98,2025-12-31,10.41,13.11,11.38,2026-02-10,1098,1071,True,2026-04-23,1143,145.2,False,1210
000830,-9.30356193514088,-9.30356193514088,-9.30356193514088,-9.30356193514088,True,True,True,True,2025-11-14,16.78,2025-12-15,14.02,2026-01-22,20.55,2026-02-06,16.63,19.08,19.053,2026-03-04,1098,1086,True,2026-03-09,1101,131.9,True,1200
000858,-5.531421951925863,-5.854991569277301,-10.356545961002784,-10.356545961002784,True,True,True,True,2023-05-22,179.06,2023-05-31,160.02,2023-06-16,185.6,2023-06-27,162.2,12.61,176.661,2023-07-25,479,459,True,2023-07-31,483,112.7,False,1210
000860,-19.872136387852958,-19.872136387852958,-19.872136387852958,-19.872136387852958,True,True,True,True,2022-12-15,33.08,2023-02-01,26.66,2023-02-22,35.87,2023-03-20,29.81,16.89,33.555,2023-04-06,406,394,True,2023-04-06,406,153.1,False,1210
000862,-3.149606299212604,-4.8366013071895475,-8.701298701298699,-15.463917525773196,True,True,True,True,2023-02-15,7.15,2023-03-21,6.32,2023-05-08,8.08,2023-05-24,7.21,10.77,7.748,2023-06-15,447,431,False,,-1,93.1,False,1204
000863,-0.2525252525252486,-3.6855036855036993,-3.6855036855036993,-5.769230769230771,True,True,True,True,2024-08-06,3.84,2024-09-10,3.14,2024-10-08,4.36,2024-11-19,3.59,17.66,4.066,2024-12-06,806,793,True,2024-12-13,811,241.6,False,1205
000863,8.02238805970148,8.02238805970148,8.02238805970148,8.02238805970148,True,True,True,True,2025-09-17,4.03,2025-10-13,3.47,2025-12-01,5.45,2025-12-05,4.24,22.2,4.988,2025-12-23,1060,1048,True,2025-12-23,1060,224.0,False,1205
000863,-16.103059581320455,-16.103059581320455,-16.103059581320455,,True,True,True,False,2025-12-01,5.45,2025-12-05,4.24,2025-12-31,6.65,2026-01-16,5.52,16.99,6.218,2026-02-03,1088,1076,False,,-1,73.5,False,1205
000868,11.504424778761058,11.504424778761058,11.504424778761058,11.725293132328307,True,True,True,True,2024-08-02,6.1,2024-08-29,4.19,2024-11-08,6.25,2024-11-18,5.06,19.04,5.795,2024-12-04,809,797,True,2024-12-13,816,220.2,False,1210
000881,-8.078602620087338,-8.078602620087338,-8.078602620087338,-8.078602620087338,True,True,True,True,2025-08-11,8.25,2025-09-29,7.28,2025-12-04,9.36,2025-12-17,8.21,12.29,8.921,2026-01-06,1065,1053,True,2026-01-07,1066,128.7,False,1202
000890,129.8642533936652,129.8642533936652,129.90397805212623,129.90397805212623,True,True,True,True,2025-10-14,5.28,2025-11-21,4.22,2025-12-17,7.82,2026-01-05,5.04,35.55,6.758,2026-02-25,1103,1072,True,2026-02-26,1104,452.2,False,1210
000893,-0.5808887598025114,-0.5808887598025114,-0.5808887598025114,-0.5808887598025114,True,True,True,True,2022-01-04,28.67,2022-01-28,19.95,2022-02-25,31.5,2022-03-16,24.6,21.9,28.864,2022-04-01,160,148,True,2022-04-01,160,280.0,False,1208
000893,12.5417439703154,12.5417439703154,12.5417439703154,12.5417439703154,True,True,True,True,2024-11-08,23.04,2025-01-08,18.29,2025-03-17,26.58,2025-04-07,22.46,15.5,25.006,2025-04-23,899,887,True,2025-04-23,899,502.9,False,1208
000893,-7.685738684884713,-7.685738684884713,-7.685738684884713,-7.685738684884713,True,True,True,True,2025-07-30,33.38,2025-08-20,30.28,2026-01-23,60.96,2026-02-06,52.0,14.7,57.537,2026-03-04,1106,1094,True,2026-03-05,1107,218.5,False,1208
000902,15.275994865211807,14.949748743718594,14.75716064757162,-5.194029850746262,True,True,True,True,2025-08-21,15.74,2025-09-23,13.21,2025-11-10,16.94,2025-11-24,14.74,12.99,16.1,2026-01-06,1073,1044,True,2026-01-22,1085,214.1,False,1210
000905,-21.603005635566696,-21.603005635566696,-21.603005635566696,-21.603005635566696,True,True,True,True,2025-08-29,9.17,2025-09-29,8.1,2025-11-18,12.91,2025-11-24,9.9,23.32,11.76,2025-12-10,1051,1039,True,2025-12-10,1051,235.9,False,1205
000908,15.606936416184958,15.606936416184958,12.149532710280386,8.876811594202906,True,True,True,True,2025-03-20,4.87,2025-04-08,3.85,2025-04-28,5.77,2025-05-15,4.61,20.1,5.327,2025-06-04,923,910,True,2025-06-09,926,419.8,True,1201
000920,7.711651299245603,8.075040783034249,4.321455648218353,4.321455648218353,True,True,True,True,2025-04-14,11.3,2025-05-26,9.7,2025-07-09,13.7,2025-08-04,10.77,21.39,12.581,2025-08-29,989,970,True,2025-10-15,1016,123.5,False,1210
000921,-16.956850870552607,-16.956850870552607,-22.861054072553046,-22.861054072553046,True,True,True,True,2022-05-24,12.99,2022-06-14,10.95,2022-07-12,14.83,2022-07-22,12.05,18.75,13.768,2022-08-11,249,235,True,2022-08-12,250,199.6,False,1210
000923,6.924516531503433,6.924516531503433,6.924516531503433,6.924516531503433,True,True,True,True,2023-04-18,15.1,2023-04-25,12.18,2023-07-31,15.44,2023-08-25,13.67,11.46,14.764,2023-09-12,514,502,True,2023-09-12,514,220.3,False,1210
000929,15.116279069767447,18.27586206896552,16.07142857142856,20.33898305084747,True,True,True,True,2025-09-04,9.29,2025-09-23,7.75,2025-10-29,9.42,2025-11-21,8.22,12.74,8.962,2025-12-22,1058,1037,True,2026-01-06,1067,316.7,False,1203
000933,21.111539945966797,21.111539945966797,20.378787878787886,29.175784099197656,True,True,True,True,2025-07-23,19.85,2025-09-10,18.28,2025-11-10,28.2,2025-11-26,23.87,15.35,26.546,2025-12-19,1053,1036,True,2026-01-05,1062,360.5,False,1200
000933,-12.17948717948718,-12.17948717948718,-12.17948717948718,-12.17948717948718,True,True,True,True,2025-11-10,28.2,2025-11-26,23.87,2026-01-29,37.19,2026-02-13,29.76,19.98,34.352,2026-03-11,1103,1091,True,2026-03-12,1104,130.8,False,1200
000952,-0.3802281368821214,-0.3802281368821214,-0.3802281368821214,-0.3802281368821214,True,True,True,True,2025-08-12,7.22,2025-09-23,6.01,2025-10-23,8.55,2025-11-21,7.08,17.19,7.988,2025-12-09,1055,1043,True,2026-01-09,1076,109.5,False,1210
000959,-0.23923444976076125,-0.23923444976076125,5.633802816901423,9.954751131221728,True,True,True,True,2025-04-28,3.82,2025-06-23,3.3,2025-07-30,4.55,2025-09-04,3.97,12.75,4.328,2025-09-30,1000,982,True,2025-11-13,1026,324.1,False,1189
000960,-17.05882352941176,-17.05882352941176,-17.05882352941176,-28.091428571428565,True,True,True,True,2025-10-14,26.3,2025-11-05,21.48,2026-01-29,48.19,2026-02-06,32.8,31.94,42.311,2026-03-04,1108,1096,True,2026-06-23,1182,103.8,False,1210
000962,-3.5569927243330635,-3.5569927243330635,-4.3972706595906015,-4.3972706595906015,True,True,True,True,2023-04-17,13.23,2023-05-15,10.58,2023-07-06,13.67,2023-07-28,11.78,13.83,12.948,2023-09-13,515,482,True,2023-09-14,516,200.5,False,1210
000962,,,,,True,True,True,True,2026-04-21,52.11,2026-04-28,42.3,2026-05-27,68.9,2026-06-08,50.4,26.85,61.833,2026-06-25,1184,1172,True,2026-06-25,1184,247.8,False,1210
000973,58.232931726907644,58.232931726907644,60.00000000000001,60.00000000000001,True,True,True,True,2025-08-18,7.38,2025-08-28,6.63,2025-09-08,7.99,2025-09-26,7.15,10.51,7.669,2025-10-27,1014,999,True,2025-10-27,1014,1614.3,False,1200
000973,39.017608897126976,39.017608897126976,39.017608897126976,39.017608897126976,True,True,True,True,2025-09-08,7.99,2025-09-26,7.15,2025-10-10,8.32,2025-10-23,7.32,12.02,7.938,2025-11-10,1024,1012,True,2025-11-10,1024,1493.0,False,1200
000978,8.227848101265822,8.031496062992138,3.091190108191655,-4.817518248175179,True,True,True,True,2025-03-24,6.74,2025-04-09,5.62,2025-04-11,7.12,2025-04-29,5.84,17.98,6.631,2025-07-31,968,905,True,2025-09-17,1002,180.5,False,1210
000987,-10.547945205479447,-10.547945205479447,-10.547945205479447,-10.547945205479447,True,True,True,True,2023-02-24,6.98,2023-03-13,6.23,2023-04-06,7.21,2023-04-25,6.43,10.82,6.912,2023-05-16,431,419,True,2023-05-16,431,211.5,True,1210
000988,-29.97198879551821,-29.97198879551821,-29.97198879551821,-29.97198879551821,True,True,True,True,2023-04-24,38.13,2023-05-16,27.6,2023-06-19,44.34,2023-06-28,32.68,26.3,39.886,2023-07-14,472,460,True,2023-07-17,473,117.6,False,1210
000988,-12.982285852948316,-15.59036144578313,-10.474401127289813,-15.680604982206415,True,True,True,True,2024-11-11,43.78,2024-11-27,34.61,2024-12-30,46.33,2025-01-14,37.37,19.34,42.907,2025-02-14,854,837,True,2025-02-20,858,167.2,False,1210
000997,1.9771071800208206,1.9771071800208206,1.9771071800208206,1.9771071800208206,True,True,True,True,2024-12-10,22.47,2025-01-08,17.4,2025-02-13,25.0,2025-03-03,22.1,11.6,23.892,2025-03-19,877,865,True,2025-03-19,877,410.3,False,1210
000997,20.213549337260673,20.213549337260673,13.605442176870742,6.352390504847882,True,True,True,True,2025-02-13,25.0,2025-03-03,22.1,2025-03-19,30.99,2025-04-08,24.46,21.07,28.496,2025-05-07,908,890,True,2025-05-12,911,146.1,False,1210
000999,-10.407166123778499,-10.407166123778499,-10.407166123778499,-10.407166123778499,True,True,True,True,2023-03-16,60.68,2023-03-27,50.71,2023-04-06,61.12,2023-04-21,54.3,11.16,58.515,2023-05-12,429,417,True,2023-05-12,429,212.6,True,1210
001206,12.304250559284103,1.4743263853584043,1.4743263853584043,1.4743263853584043,True,True,True,True,2024-10-29,17.1,2024-11-27,15.2,2024-12-04,20.39,2024-12-25,16.09,21.09,18.747,2025-01-15,838,824,True,2025-01-16,839,212.6,True,1201
001209,-23.520655005582437,-23.520655005582437,-23.520655005582437,-23.520655005582437,True,True,True,True,2025-12-09,21.5,2025-12-17,19.61,2026-01-15,24.86,2026-01-30,19.92,19.87,22.973,2026-02-25,1103,1091,True,2026-02-25,1103,305.1,True,1210
001218,1.2316249503377064,1.2316249503377064,1.2316249503377064,-15.381831342743391,True,True,True,True,2025-10-27,24.88,2025-12-17,21.56,2026-02-02,27.58,2026-03-04,24.52,11.09,26.411,2026-03-20,1073,1061,True,2026-04-30,1101,155.9,True,1163
001223,19.37793689863505,19.37793689863505,19.37793689863505,19.37793689863505,True,True,True,True,2024-11-14,44.98,2024-11-18,36.71,2024-12-31,45.08,2025-01-13,38.54,14.51,42.582,2025-02-06,518,506,True,2025-02-07,519,326.0,True,880
001225,36.88260558339298,36.88260558339298,36.88260558339298,30.400282137189215,True,True,True,True,2025-07-29,48.49,2025-09-04,37.34,2025-10-16,58.3,2025-11-13,50.9,12.69,55.473,2025-12-01,673,661,True,2025-12-03,675,515.5,False,834
001225,-33.79053967440072,-33.79053967440072,-33.79053967440072,-33.79053967440072,True,True,True,True,2025-10-16,58.3,2025-11-13,50.9,2025-12-08,62.5,2025-12-24,52.01,16.78,58.493,2026-01-13,702,690,True,2026-01-13,702,353.1,False,834
001256,0.34843205574914826,0.34843205574914826,0.34843205574914826,0.34843205574914826,True,True,True,True,2024-08-06,14.0,2024-08-23,12.68,2024-10-08,17.5,2024-11-18,15.63,10.69,16.786,2024-12-04,484,472,True,2024-12-04,484,904.8,False,885
001259,13.002680965147452,13.002680965147452,13.002680965147452,13.002680965147452,True,True,True,True,2025-09-17,26.65,2025-09-23,23.78,2025-11-14,32.23,2025-11-21,28.06,12.94,30.637,2025-12-09,792,780,True,2025-12-09,792,1485.4,False,947
001260,-4.372791519434638,-9.539339584182638,-9.539339584182638,-6.362083689154574,True,True,True,True,2025-11-17,22.3,2025-12-17,18.92,2026-01-20,26.3,2026-01-30,21.25,19.2,24.371,2026-03-12,742,719,True,2026-03-13,743,113.5,False,838
001267,63.68221941992434,63.68221941992434,63.68221941992434,63.68221941992434,True,True,True,True,2025-10-28,22.69,2025-11-24,16.18,2025-12-12,23.77,2026-01-06,20.44,14.01,22.498,2026-01-22,1011,999,True,2026-01-22,1011,1481.7,False,1136
001267,22.9255200178931,22.9255200178931,22.9255200178931,20.640219952867245,True,True,True,True,2025-12-12,23.77,2026-01-06,20.44,2026-03-11,49.95,2026-03-31,36.8,26.33,44.927,2026-04-17,1065,1053,True,2026-04-23,1069,250.8,False,1136
001317,-3.79853095487932,-4.13377648525135,-16.15030981411153,-16.15030981411153,True,True,True,True,2025-05-29,48.88,2025-06-20,39.16,2025-07-25,51.61,2025-08-20,46.08,10.71,49.498,2025-09-16,917,898,True,2025-09-16,917,304.5,False,1126
001322,1.9721577726218076,1.9721577726218076,1.9721577726218076,-14.772727272727282,True,True,True,True,2025-10-24,8.45,2025-11-05,7.98,2025-11-24,9.01,2025-12-18,8.0,11.21,8.624,2026-01-07,777,765,True,2026-01-28,792,175.2,False,913
001322,-23.159018143009604,-23.159018143009604,-23.159018143009604,-23.159018143009604,True,True,True,True,2025-11-24,9.01,2025-12-18,8.0,2025-12-25,9.62,2026-01-14,8.31,13.62,9.12,2026-01-30,794,782,True,2026-02-06,799,111.5,False,913
001333,-7.145488029465918,-7.145488029465918,-7.145488029465918,-7.145488029465918,True,True,True,True,2025-10-28,26.75,2025-12-17,20.92,2026-02-03,27.75,2026-02-13,24.7,10.99,26.585,2026-03-11,785,773,True,2026-05-18,829,101.6,False,882
001336,12.413793103448278,12.413793103448278,12.413793103448278,7.294832826747721,True,True,True,True,2025-09-17,23.82,2025-09-23,20.7,2025-11-14,26.68,2025-11-21,23.21,13.01,25.354,2025-12-09,819,807,True,2025-12-22,828,249.0,True,974
001359,17.599410898379976,17.599410898379976,17.599410898379976,17.599410898379976,True,True,True,True,2024-11-12,26.34,2024-11-27,22.88,2024-12-23,27.68,2025-01-06,24.11,12.9,26.316,2025-01-22,200,188,True,2025-01-22,200,851.3,True,567
001359,-6.648983200707336,-6.648983200707336,-6.648983200707336,-6.648983200707336,True,True,True,True,2025-04-23,33.33,2025-06-23,27.53,2025-07-25,55.0,2025-08-07,46.8,14.91,51.868,2025-08-25,342,330,True,2025-08-25,342,471.2,True,567
001359,3.4759028719339335,3.4759028719339335,3.4759028719339335,3.4759028719339335,True,True,True,True,2025-10-29,55.4,2025-11-11,47.16,2025-12-23,80.38,2026-02-03,71.58,10.95,77.018,2026-02-27,462,450,True,2026-02-27,462,839.1,True,567
001359,,,,,True,True,True,True,2026-02-26,85.44,2026-03-23,66.91,2026-05-13,114.9,2026-06-02,88.36,23.1,104.762,2026-06-18,537,525,True,2026-06-18,537,215.0,True,567
001368,-2.957807742496732,-2.957807742496732,-2.957807742496732,-2.6717557251908386,True,True,True,True,2024-12-13,22.8,2025-01-06,18.05,2025-02-07,23.99,2025-02-28,20.58,14.21,22.687,2025-03-18,487,475,True,2025-03-21,490,202.9,False,821
001368,12.89428076256498,12.89428076256498,12.89428076256498,12.89428076256498,True,True,True,True,2025-08-25,27.5,2025-10-13,23.27,2025-11-06,29.0,2025-11-21,24.93,14.03,27.445,2025-12-09,666,654,True,2025-12-09,666,215.7,False,821
001389,48.875078665827566,48.875078665827566,48.875078665827566,48.875078665827566,True,True,True,True,2025-10-29,82.54,2025-11-21,64.05,2026-03-11,127.88,2026-03-23,99.03,22.56,116.859,2026-04-09,487,475,True,2026-04-09,487,482.6,False,564
001389,,,,,True,True,True,True,2026-03-11,127.88,2026-03-23,99.03,2026-05-29,199.74,2026-06-08,164.0,17.89,186.087,2026-06-25,538,526,True,2026-06-25,538,207.8,False,564
001696,109.9758648431215,107.84457478005866,101.28813559322035,101.28813559322035,True,True,True,True,2024-05-21,13.99,2024-07-09,9.4,2024-08-05,15.73,2024-08-29,10.83,31.15,13.858,2024-09-30,767,747,True,2024-10-08,768,500.0,False,1210
001896,,,,,True,True,True,True,2026-03-12,17.88,2026-04-03,12.15,2026-05-14,19.4,2026-05-19,14.38,25.88,17.482,2026-06-04,1170,1158,True,2026-06-04,1170,192.4,False,1210
002003,-6.048703849175174,-6.048703849175174,-6.048703849175174,-6.048703849175174,True,True,True,True,2024-02-21,11.16,2024-03-25,10.09,2024-05-15,13.04,2024-05-23,11.7,10.28,12.528,2024-06-11,690,678,True,2024-06-13,692,267.2,True,1210
002011,-20.661157024793376,-20.661157024793376,-20.661157024793376,-20.661157024793376,True,True,True,True,2022-03-01,12.4,2022-04-27,5.96,2022-06-28,14.45,2022-07-12,11.64,19.45,13.377,2022-07-28,229,217,True,2022-07-28,229,353.0,False,1200
002011,-15.000000000000002,-15.000000000000002,-15.000000000000002,-15.000000000000002,True,True,True,True,2025-07-07,11.95,2025-07-31,11.38,2025-08-18,14.16,2025-09-04,12.0,15.25,13.335,2025-09-22,995,983,True,2025-09-22,995,164.4,False,1200
002020,-0.7629704984740471,-0.7629704984740471,-7.528957528957525,-12.48803827751196,True,True,True,True,2025-06-13,14.19,2025-06-30,12.79,2025-09-04,21.85,2025-09-11,17.66,19.18,20.249,2025-09-30,1011,998,False,,-1,95.2,False,1210
002028,8.153681963713977,8.153681963713977,8.153681963713977,6.34751015174182,True,True,True,True,2023-02-23,47.5,2023-04-10,41.79,2023-04-18,48.0,2023-05-09,43.12,10.17,46.136,2023-05-25,438,426,True,2023-05-30,441,215.2,False,1210
002034,-39.24825174825174,-39.24825174825174,-39.24825174825174,-39.24825174825174,True,True,True,True,2026-03-13,19.19,2026-04-03,16.65,2026-04-16,19.93,2026-04-27,16.72,16.11,18.704,2026-05-18,1157,1145,True,2026-05-18,1157,211.2,False,1210
002039,-8.944954128440363,-8.944954128440363,-8.944954128440363,-8.944954128440363,True,True,True,True,2026-01-20,19.75,2026-02-13,17.0,2026-03-27,22.82,2026-04-03,18.1,20.68,21.017,2026-04-22,1142,1130,True,2026-05-29,1166,110.0,True,1210
002042,-18.42105263157895,-18.42105263157895,-19.24528301886792,,True,True,True,False,2025-07-09,4.94,2025-08-04,4.52,2025-08-27,5.71,2025-09-11,4.94,13.49,5.416,2025-09-30,1011,998,False,,-1,66.2,False,1101
002049,-6.435520079820412,-6.435520079820412,-8.277295512898897,-9.452380952380945,True,True,True,True,2025-06-06,65.73,2025-06-23,61.52,2025-08-19,86.77,2025-09-04,71.85,17.19,81.071,2025-09-24,1007,993,True,2025-09-26,1009,154.0,True,1091
002052,30.32258064516129,30.32258064516129,30.32258064516129,30.32258064516129,True,True,True,True,2024-12-26,7.11,2025-03-04,3.52,2025-05-22,10.68,2025-06-20,8.29,22.38,9.767,2025-07-08,938,926,True,2025-07-08,938,531.8,False,1088
002055,-10.233918128654961,-10.233918128654961,-10.233918128654961,-10.233918128654961,True,True,True,True,2023-09-12,9.62,2023-09-21,8.77,2023-10-16,9.9,2023-10-24,8.79,11.21,9.476,2023-11-09,550,538,True,2023-11-09,550,191.9,False,1100
002057,5.642923219241447,5.642923219241447,5.642923219241447,5.642923219241447,True,True,True,True,2022-11-07,11.15,2022-11-21,9.52,2022-12-09,11.31,2022-12-23,9.82,13.17,10.741,2023-01-11,351,339,True,2023-01-30,359,218.1,False,1101
002066,8.13492063492065,8.13492063492065,8.13492063492065,8.13492063492065,True,True,True,True,2025-07-15,12.75,2025-07-31,11.78,2025-08-21,14.97,2025-09-04,12.56,16.1,14.049,2025-09-22,1005,993,True,2025-09-22,1005,400.0,False,1101
002066,5.86021505376344,5.86021505376344,5.86021505376344,5.86021505376344,True,True,True,True,2025-08-21,14.97,2025-09-04,12.56,2025-11-13,18.5,2025-11-24,15.4,16.76,17.316,2025-12-10,1056,1044,True,2025-12-10,1056,219.4,False,1101
002080,-9.462647444298822,-9.462647444298822,-9.462647444298822,-9.462647444298822,True,True,True,True,2025-03-24,15.65,2025-04-09,12.65,2025-07-29,30.4,2025-08-07,26.21,13.78,28.799,2025-08-25,985,973,True,2025-08-25,985,564.7,False,1101
002084,-4.0963855421686795,-4.0963855421686795,-4.0963855421686795,-4.0963855421686795,True,True,True,True,2025-07-23,3.71,2025-07-31,3.41,2025-09-10,4.18,2025-09-23,3.45,17.46,3.901,2025-10-17,1018,1006,True,2025-10-17,1018,235.6,False,1101
002084,-7.079646017699104,-7.079646017699104,-7.079646017699104,-5.592841163310958,True,True,True,True,2025-09-10,4.18,2025-09-23,3.45,2025-10-22,4.9,2025-11-21,3.95,19.39,4.537,2025-12-09,1055,1043,False,,-1,80.0,False,1101
002093,-17.30205278592376,-17.30205278592376,-17.30205278592376,,True,True,True,False,2022-01-18,7.05,2022-01-28,5.83,2022-02-16,7.24,2022-03-09,6.26,13.54,6.866,2022-03-25,156,144,False,,-1,77.6,False,1101
002093,-12.415349887133175,-12.415349887133175,-12.415349887133175,-12.415349887133175,True,True,True,True,2025-05-13,12.47,2025-05-30,10.62,2025-06-12,12.55,2025-06-23,10.72,14.58,11.851,2025-07-09,952,940,True,2025-07-09,952,196.2,False,1101
002103,-12.942989214175649,-12.942989214175649,-12.942989214175649,-12.942989214175649,True,True,True,True,2022-12-08,5.76,2022-12-20,4.97,2023-01-11,6.78,2023-01-19,5.31,21.68,6.218,2023-02-13,369,357,True,2023-06-07,447,125.9,False,1101
002104,72.20779220779221,72.20779220779221,72.20779220779221,72.20779220779221,True,True,True,True,2025-02-12,7.14,2025-03-10,6.47,2025-05-08,8.53,2025-05-23,7.13,16.41,7.995,2025-06-11,932,920,True,2025-06-11,932,1770.0,False,1101
002104,-28.666666666666675,-28.666666666666675,-28.666666666666675,-28.666666666666675,True,True,True,True,2025-05-08,8.53,2025-05-23,7.13,2025-07-17,24.76,2025-08-05,18.45,25.48,22.35,2025-08-21,983,971,True,2025-08-21,983,205.2,False,1101
002121,6.496815286624202,6.496815286624202,6.496815286624202,6.496815286624202,True,True,True,True,2025-05-29,5.3,2025-06-23,4.6,2025-08-15,7.48,2025-08-28,6.5,13.1,7.106,2025-09-15,995,983,True,2025-09-15,995,432.7,False,1096
002122,1.650165016501659,11.935483870967744,11.935483870967744,4.71976401179941,True,True,True,True,2022-10-10,2.8,2022-11-03,2.4,2022-12-05,3.36,2022-12-23,2.8,16.67,3.146,2023-01-20,355,337,True,2023-02-02,359,507.1,False,1096
002125,-7.2156196943972795,-7.2156196943972795,-7.2156196943972795,-7.2156196943972795,True,True,True,True,2024-09-04,9.02,2024-09-18,8.23,2024-10-08,11.68,2024-11-19,10.39,11.04,11.187,2024-12-05,810,798,True,2024-12-05,810,124.8,False,1101
002125,-5.9659090909090935,-5.9659090909090935,-5.9659090909090935,-9.404990403071023,True,True,True,True,2025-07-22,14.78,2025-08-28,12.82,2025-09-02,16.1,2025-09-23,13.33,17.2,15.042,2025-10-17,1018,1006,True,2025-11-07,1033,125.3,False,1101
002128,12.052445789208278,12.052445789208278,12.052445789208278,12.052445789208278,True,True,True,True,2024-01-05,15.14,2024-01-23,13.56,2024-03-07,17.79,2024-03-26,15.75,11.47,17.011,2024-04-15,653,641,True,2024-04-15,653,397.5,False,1092
002129,-17.097966728280955,-17.097966728280955,-17.097966728280955,-17.097966728280955,True,True,True,True,2025-07-23,8.91,2025-09-23,7.65,2025-10-14,9.87,2025-10-23,8.53,13.58,9.358,2025-11-10,1034,1022,True,2025-11-10,1034,248.5,True,1101
002130,3.2450331125827736,3.2450331125827736,3.2450331125827736,20.461834509300836,True,True,True,True,2024-05-21,15.92,2024-06-11,12.17,2024-07-10,16.85,2024-07-18,13.83,17.92,15.696,2024-08-05,729,717,True,2024-10-15,773,564.2,False,1101
002132,-5.569620253164564,-5.569620253164564,-5.569620253164564,-5.569620253164564,True,True,True,True,2025-05-13,3.58,2025-05-30,3.18,2025-06-20,4.11,2025-07-07,3.47,15.57,3.866,2025-07-23,962,950,True,2025-07-23,962,154.7,False,1101
002134,-9.193840579710134,-9.193840579710134,-9.193840579710134,-9.193840579710134,True,True,True,True,2024-09-04,8.65,2024-09-18,7.19,2024-11-11,23.5,2024-11-27,14.9,36.6,20.215,2024-12-13,816,804,True,2025-03-05,867,133.1,False,1101
002137,9.708737864077666,5.1700680272108945,5.1700680272108945,-5.759803921568629,True,True,True,True,2022-05-27,7.61,2022-10-11,4.71,2022-10-25,8.54,2022-12-13,6.15,27.99,7.627,2022-12-30,344,331,True,2023-01-11,351,149.0,False,1101
002150,-29.716820197884676,-29.716820197884676,-29.716820197884676,-29.716820197884676,True,True,True,True,2022-07-28,13.27,2022-10-10,7.2,2022-12-13,27.65,2022-12-26,19.55,29.29,24.556,2023-01-12,348,336,True,2023-01-12,348,153.5,False,1097
002152,3.054101221640493,3.054101221640493,3.054101221640493,3.054101221640493,True,True,True,True,2022-12-02,10.71,2022-12-23,9.21,2023-02-16,11.48,2023-02-23,10.25,10.71,11.01,2023-03-13,389,377,True,2023-03-13,389,247.2,False,1101
002153,17.050691244239637,17.050691244239637,18.34763948497853,13.704496788008559,True,True,True,True,2025-03-07,8.98,2025-04-09,6.23,2025-04-25,9.83,2025-05-26,7.63,22.38,8.99,2025-07-07,947,918,True,2025-07-14,952,268.2,True,1098
002153,9.071504802561382,9.071504802561382,9.071504802561382,7.082452431289643,True,True,True,True,2025-04-25,9.83,2025-05-26,7.63,2025-06-09,9.91,2025-06-23,8.05,18.77,9.199,2025-07-09,949,937,True,2025-07-14,952,294.6,True,1098
002154,11.281070745697885,11.281070745697885,7.050092764378468,7.050092764378468,True,True,True,True,2022-12-15,4.39,2023-02-09,4.38,2023-02-28,5.5,2023-03-20,4.88,11.27,5.263,2023-04-07,407,394,True,2023-04-19,415,340.3,False,1101
002155,-2.481203007518795,-2.481203007518795,-2.481203007518795,-8.333333333333337,True,True,True,True,2022-08-15,13.82,2022-09-01,11.63,2022-09-13,14.2,2022-09-28,11.77,17.11,13.272,2022-10-21,294,282,True,2022-10-24,295,290.1,True,1091
002167,50.74626865671641,50.74626865671641,50.74626865671641,50.74626865671641,True,True,True,True,2024-08-01,5.5,2024-08-21,4.84,2024-09-04,5.86,2024-09-18,4.88,16.72,5.486,2024-10-11,771,759,True,2024-10-11,771,639.8,False,1101
002170,13.263358778625944,13.263358778625944,9.624197983501382,6.571936056838368,True,True,True,True,2025-07-08,11.1,2025-07-17,9.95,2025-09-01,11.47,2025-09-23,10.16,11.42,10.97,2025-10-27,1024,1006,True,2025-11-06,1032,350.4,False,1101
002179,-6.014669926650374,-6.014669926650374,-6.014669926650374,-5.399005446365135,True,True,True,True,2025-01-23,39.15,2025-02-18,35.43,2025-03-18,43.66,2025-04-07,38.44,11.96,41.666,2025-04-23,901,889,False,,-1,99.8,True,1101
002197,-6.110652353426927,-6.110652353426927,-6.110652353426927,-6.913580246913575,True,True,True,True,2022-11-08,12.23,2022-12-23,9.03,2023-02-27,12.76,2023-03-16,10.77,15.6,12.0,2023-04-03,404,392,True,2023-04-12,410,104.5,False,1099
002205,41.741071428571395,41.741071428571395,45.09594882729209,45.09594882729209,True,True,True,True,2022-01-07,9.55,2022-01-28,7.32,2022-02-14,9.77,2022-03-09,8.33,14.74,9.22,2022-03-28,157,144,True,2022-03-31,160,827.1,False,1101
002207,9.113300492610833,9.113300492610833,9.113300492610833,-12.945368171021377,True,True,True,True,2025-07-30,7.93,2025-08-04,6.88,2025-08-22,8.9,2025-08-28,7.15,19.66,8.232,2025-09-15,998,986,True,2025-10-21,1018,294.3,False,1099
002211,7.399103139013463,7.399103139013463,7.399103139013463,7.399103139013463,True,True,True,True,2023-09-05,4.01,2023-10-23,3.5,2023-11-21,4.18,2023-12-27,3.74,10.53,4.012,2024-01-15,594,582,True,2024-01-15,594,479.5,False,1098
002222,,,,,True,True,True,True,2025-09-22,55.52,2025-11-21,40.8,2025-12-11,65.48,2025-12-31,56.13,14.28,61.908,2026-01-20,1083,1071,True,2026-01-20,1083,198.8,False,1101
002225,-7.233273056057876,-7.233273056057876,-7.233273056057876,-7.233273056057876,True,True,True,True,2024-06-26,4.32,2024-09-04,3.07,2024-11-07,4.54,2024-11-27,3.94,13.22,4.311,2024-12-13,816,804,True,2024-12-13,816,418.3,False,1101
002225,3.423423423423433,3.423423423423433,3.423423423423433,3.423423423423433,True,True,True,True,2024-11-07,4.54,2024-11-27,3.94,2024-12-13,5.66,2024-12-27,4.62,18.37,5.263,2025-01-15,838,826,True,2025-01-15,838,176.0,False,1101
002225,-2.0560747663551315,-10.356536502546676,-10.356536502546676,-10.356536502546676,True,True,True,True,2024-12-13,5.66,2024-12-27,4.62,2025-01-13,6.0,2025-02-05,5.01,16.5,5.622,2025-02-24,860,847,True,2025-02-28,864,272.7,False,1101
002234,-9.465215333648846,-10.288640595903164,-19.396551724137932,-19.396551724137932,True,True,True,True,2022-12-08,23.09,2023-01-05,17.7,2023-02-02,23.15,2023-02-14,20.16,12.92,22.008,2023-03-06,384,370,True,2023-03-06,384,121.7,False,1101
002237,11.265306122448981,7.1312803889789445,-3.745318352059923,-3.745318352059923,True,True,True,True,2025-04-22,12.5,2025-05-29,10.66,2025-06-13,13.74,2025-07-09,11.49,16.38,12.88,2025-09-01,990,952,True,2025-09-09,996,258.2,False,1101
002241,15.991471215351805,15.991471215351805,15.991471215351805,15.991471215351805,True,True,True,True,2024-08-30,21.5,2024-09-18,17.87,2024-10-08,24.94,2024-11-07,22.36,10.34,23.954,2024-11-25,802,790,True,2024-11-27,804,320.5,False,1101
002244,11.377245508982048,11.377245508982048,11.377245508982048,6.892523364485981,True,True,True,True,2024-07-12,8.85,2024-07-29,7.49,2024-08-09,8.96,2024-08-28,7.61,15.07,8.444,2024-09-18,759,746,True,2024-09-24,763,357.8,False,1101
002254,14.311190370040139,14.311190370040139,14.311190370040139,14.311190370040139,True,True,True,True,2022-09-07,18.99,2022-10-10,15.43,2022-12-12,23.19,2022-12-23,20.0,13.76,21.971,2023-01-11,351,339,True,2023-01-16,354,250.2,False,1101
002255,-11.111111111111105,-11.111111111111105,-11.111111111111105,-11.111111111111105,True,True,True,True,2023-03-28,5.91,2023-05-10,5.15,2023-06-01,6.14,2023-06-08,5.42,11.73,5.865,2023-06-28,460,448,True,2023-06-29,461,116.7,False,1101
002255,-12.124463519313311,-12.124463519313311,-12.124463519313311,-12.124463519313311,True,True,True,True,2025-01-21,6.47,2025-02-18,5.96,2025-04-03,9.41,2025-04-09,6.83,27.42,8.424,2025-04-25,903,891,True,2025-04-25,903,146.1,False,1101
002261,-15.077473182359958,-15.077473182359958,-15.077473182359958,-15.077473182359958,True,True,True,True,2022-11-02,8.09,2022-12-23,6.25,2023-03-03,12.14,2023-03-16,9.76,19.6,11.231,2023-04-03,404,392,True,2023-04-03,404,564.7,False,1101
002262,-7.192118226600974,-7.192118226600974,-7.192118226600974,-7.192118226600974,True,True,True,True,2023-02-28,27.58,2023-03-20,23.27,2023-05-04,30.11,2023-05-10,26.27,12.75,28.643,2023-05-26,439,427,True,2023-05-26,439,148.7,False,1101
002266,3.971962616822422,,,,True,True,True,True,2025-09-05,4.24,2025-09-22,3.84,2025-10-14,4.84,2025-10-31,4.11,15.08,4.561,2026-01-08,1075,1028,True,2026-01-22,1085,205.5,False,1101
002267,-8.313253012048193,-8.313253012048193,-8.313253012048193,-9.799291617473449,True,True,True,True,2025-01-27,8.02,2025-02-25,7.41,2025-04-03,8.56,2025-04-07,7.66,10.51,8.216,2025-04-23,901,889,True,2025-04-30,906,212.2,False,1101
002269,3.82513661202184,-2.051282051282055,-2.051282051282055,-2.051282051282055,True,True,True,True,2025-04-17,1.94,2025-04-28,1.65,2025-05-09,1.99,2025-05-26,1.73,13.07,1.891,2025-06-16,935,921,True,2025-06-17,936,576.9,False,1101
002269,15.311004784689008,15.311004784689008,15.311004784689008,15.311004784689008,True,True,True,True,2025-05-09,1.99,2025-05-26,1.73,2025-06-17,2.0,2025-06-23,1.74,13.0,1.901,2025-07-09,952,940,True,2025-07-09,952,573.1,False,1101
002269,18.999999999999993,18.999999999999993,17.24137931034484,17.24137931034484,True,True,True,True,2025-06-17,2.0,2025-06-23,1.74,2025-07-09,2.09,2025-08-04,1.86,11.0,2.002,2025-08-21,983,970,True,2025-08-21,983,595.7,False,1101
002270,17.77645659928655,17.77645659928655,17.77645659928655,17.77645659928655,True,True,True,True,2023-10-09,14.26,2023-11-06,12.05,2024-01-17,16.33,2024-02-05,13.31,18.49,15.176,2024-02-29,623,611,True,2024-02-29,623,315.2,False,1101
002270,3.3269961977186346,3.3269961977186346,3.3269961977186346,3.3269961977186346,True,True,True,True,2024-01-17,16.33,2024-02-05,13.31,2024-03-18,19.35,2024-03-28,17.11,11.58,18.494,2024-04-17,655,643,True,2024-04-17,655,255.4,False,1101
002284,-6.535433070866148,-6.535433070866148,-6.535433070866148,-6.535433070866148,True,True,True,True,2025-07-09,11.77,2025-08-01,10.85,2025-08-27,12.78,2025-09-04,11.28,11.74,12.207,2025-09-22,1005,993,True,2025-09-22,1005,492.0,False,1101
002284,13.380782918149459,13.380782918149459,13.380782918149459,13.380782918149459,True,True,True,True,2025-08-27,12.78,2025-09-04,11.28,2025-09-18,13.45,2025-10-13,12.05,10.41,12.915,2025-10-29,1026,1014,True,2025-10-29,1026,472.1,False,1101
002287,15.793747462444173,24.08915559365625,7.662082514734769,0.038372985418266836,True,True,True,True,2025-03-03,23.0,2025-04-09,20.27,2025-05-12,26.9,2025-05-26,23.88,11.23,25.746,2025-07-22,961,921,True,2025-07-30,967,472.8,False,1101
002289,81.99791883454735,81.99791883454735,81.99791883454735,81.99791883454735,True,True,True,True,2025-01-06,4.11,2025-01-24,3.58,2025-06-17,18.98,2025-07-04,15.3,19.39,17.574,2025-07-22,955,943,True,2025-07-22,955,706.8,False,1095
002289,-5.640759033012744,-5.640759033012744,-5.640759033012744,-5.640759033012744,True,True,True,True,2025-06-17,18.98,2025-07-04,15.3,2025-08-22,30.73,2025-09-05,26.89,12.5,29.263,2025-09-23,1000,988,True,2025-09-23,1000,375.5,False,1095
002290,-4.339796860572498,-4.339796860572498,-4.339796860572498,20.09022556390978,True,True,True,True,2025-03-20,29.87,2025-04-09,18.85,2025-05-13,33.9,2025-05-29,29.75,12.24,32.315,2025-06-17,936,924,True,2025-08-25,985,370.4,False,1101
002290,24.34231378763865,24.34231378763865,24.34231378763865,24.34231378763865,True,True,True,True,2025-07-14,32.4,2025-07-24,28.66,2025-08-04,33.5,2025-08-19,29.45,12.09,31.953,2025-09-04,993,981,True,2025-09-04,993,967.2,False,1101
002290,,,,,True,True,True,True,2025-10-23,43.0,2025-11-20,36.7,2025-12-04,45.12,2025-12-19,39.66,12.1,43.034,2026-01-08,1075,1063,True,2026-01-08,1075,530.4,False,1101
002295,1.9920318725099806,1.9920318725099806,1.9920318725099806,1.9920318725099806,True,True,True,True,2025-03-26,8.43,2025-04-09,5.81,2025-06-05,8.82,2025-06-20,7.77,11.9,8.419,2025-07-08,951,939,True,2025-07-08,951,921.0,False,1101
002296,-5.107252298263532,-5.107252298263532,-5.107252298263532,-5.107252298263532,True,True,True,True,2024-08-01,9.53,2024-09-18,7.08,2024-10-08,10.13,2024-11-01,8.34,17.67,9.446,2024-11-20,799,786,True,2024-11-21,800,260.3,False,1101
002298,-16.417910447761198,-16.417910447761198,-16.417910447761198,-16.417910447761198,True,True,True,True,2024-08-08,4.3,2024-08-28,3.38,2024-11-12,6.96,2024-11-25,5.01,28.02,6.215,2024-12-11,814,802,True,2024-12-11,814,182.6,False,1101
002303,-11.063829787234047,-11.063829787234047,-11.063829787234047,-11.063829787234047,True,True,True,True,2025-06-05,3.84,2025-06-23,3.32,2025-08-26,4.61,2025-09-03,4.12,10.63,4.423,2025-09-19,1004,992,True,2025-09-19,1004,167.3,False,1101
002315,30.828764914543694,30.828764914543694,30.828764914543694,30.828764914543694,True,True,True,True,2023-02-03,22.49,2023-03-14,18.1,2023-03-24,26.0,2023-04-11,20.94,19.46,24.067,2023-04-27,421,409,True,2023-04-27,421,527.1,False,1101
002315,-24.04489016236868,-24.04489016236868,-16.687086498407254,-30.846862659060992,True,True,True,True,2023-03-24,26.0,2023-04-11,20.94,2023-05-09,47.0,2023-05-26,35.84,23.74,42.737,2023-06-15,453,439,True,2023-06-21,457,105.5,False,1101
002326,12.346221441124783,12.346221441124783,12.346221441124783,12.346221441124783,True,True,True,True,2025-06-09,14.95,2025-07-03,11.4,2025-09-09,18.3,2025-10-23,16.0,12.57,17.421,2025-11-10,1034,1022,True,2025-11-10,1034,739.1,False,1097
002330,3.703703703703698,3.703703703703698,3.703703703703698,3.703703703703698,True,True,True,True,2025-02-11,4.55,2025-04-07,3.94,2025-04-10,4.77,2025-04-29,4.17,12.58,4.541,2025-05-20,917,905,True,2025-06-10,931,271.7,False,1101
002331,-6.800445930880727,-6.800445930880727,-6.800445930880727,-6.800445930880727,True,True,True,True,2024-07-29,8.12,2024-09-18,6.21,2024-10-08,8.48,2024-11-19,7.46,12.03,8.09,2024-12-05,810,798,True,2024-12-05,810,250.0,False,1101
002337,-17.589576547231268,-17.589576547231268,-17.589576547231268,-17.589576547231268,True,True,True,True,2023-09-06,5.68,2023-09-21,5.17,2023-11-20,6.35,2023-12-27,5.33,16.06,5.96,2024-01-15,596,584,False,,-1,87.3,False,1101
002338,24.870466321243523,26.882078614257175,26.882078614257175,28.354348528936324,True,True,True,True,2022-12-07,28.18,2022-12-23,21.03,2023-03-17,32.2,2023-03-30,26.66,17.2,30.084,2023-04-19,405,392,True,2023-05-05,414,363.7,False,1091
002338,-11.94598337950138,-11.94598337950138,-11.94598337950138,-11.94598337950138,True,True,True,True,2025-07-01,48.88,2025-07-15,43.88,2025-08-21,58.5,2025-09-04,46.49,20.53,53.912,2025-09-22,995,983,True,2025-09-24,997,198.7,False,1091
002342,43.238095238095234,23.45454545454546,37.02359346642468,23.979591836734706,True,True,True,True,2025-02-17,3.3,2025-03-05,3.1,2025-03-28,6.84,2025-04-09,3.84,43.86,5.694,2025-05-14,913,891,True,2025-07-02,947,194.7,False,1101
002342,-8.891454965357969,-8.891454965357969,-8.891454965357969,-8.891454965357969,True,True,True,True,2025-06-05,6.68,2025-06-20,5.31,2025-07-10,8.28,2025-08-04,6.76,18.36,7.699,2025-08-20,982,970,True,2025-08-20,982,964.5,False,1101
002346,-0.8907363420427417,-0.8907363420427417,-0.8907363420427417,-0.8907363420427417,True,True,True,True,2025-06-09,14.78,2025-06-23,12.92,2025-08-07,17.77,2025-09-04,14.95,15.87,16.693,2025-09-22,1005,993,True,2025-09-25,1008,271.3,False,1101
002355,0.8620689655172376,-4.050279329608941,-11.258278145695355,-5.820105820105814,True,True,True,True,2024-08-01,6.16,2024-08-23,4.17,2024-10-22,8.24,2024-11-04,6.26,24.03,7.484,2024-12-02,807,787,True,2024-12-06,811,123.7,False,1101
002357,-21.483375959079286,-21.483375959079286,-21.483375959079286,-21.483375959079286,True,True,True,True,2023-09-05,7.27,2023-10-23,6.5,2023-11-29,8.29,2023-12-28,7.23,12.79,7.885,2024-01-16,597,585,True,2024-01-17,598,129.2,False,1101
002362,95.27430744160783,61.728395061728406,61.728395061728406,47.17235188509874,True,True,True,True,2022-11-14,16.88,2022-11-23,14.25,2022-12-13,23.35,2022-12-30,15.22,34.82,20.244,2023-01-31,360,344,True,2023-02-02,362,307.7,False,1101
002363,-2.9818956336528313,-2.9818956336528313,-2.9818956336528313,-2.9818956336528313,True,True,True,True,2025-09-17,8.38,2025-10-13,7.16,2025-11-14,9.4,2025-11-21,8.31,11.6,8.984,2025-12-09,1055,1043,True,2025-12-09,1055,278.0,False,1101
002368,-2.737819025522037,-2.737819025522037,-2.737819025522037,-2.737819025522037,True,True,True,True,2022-11-18,33.89,2022-12-20,26.51,2023-02-06,43.17,2023-02-20,36.21,16.12,40.511,2023-03-08,386,374,True,2023-03-08,386,219.4,False,1101
002368,-14.74468085106383,-14.74468085106383,-14.74468085106383,-14.74468085106383,True,True,True,True,2023-02-06,43.17,2023-02-20,36.21,2023-03-20,49.68,2023-03-29,39.4,20.69,45.753,2023-04-17,413,401,True,2023-04-19,415,117.5,False,1101
002371,-11.945739213577156,-11.945739213577156,-11.945739213577156,-11.945739213577156,True,True,True,True,2024-05-06,325.8,2024-05-14,283.83,2024-06-17,337.78,2024-07-11,301.05,10.87,323.749,2024-07-29,724,712,True,2024-07-29,724,514.5,True,1101
002386,0.5736137667303964,0.5736137667303964,-4.243542435424342,-4.710144927536231,True,True,True,True,2025-08-11,5.46,2025-09-04,4.92,2025-09-15,5.69,2025-09-23,4.97,12.65,5.415,2025-10-21,1020,1006,True,2025-10-30,1027,212.5,True,1101
002390,-10.875331564986745,-10.875331564986745,-19.277108433734945,-19.277108433734945,True,True,True,True,2025-08-26,3.85,2025-09-29,3.36,2025-10-22,4.13,2025-11-21,3.65,11.62,3.947,2025-12-10,1056,1043,True,2025-12-10,1056,104.2,False,1101
002392,25.40106951871659,25.40106951871659,25.40106951871659,25.40106951871659,True,True,True,True,2024-08-01,3.15,2024-08-26,2.9,2024-09-02,3.24,2024-09-18,2.91,10.19,3.114,2024-10-11,771,759,True,2024-10-11,771,787.9,False,1101
002392,-8.720271800679502,-8.720271800679502,-8.720271800679502,-8.720271800679502,True,True,True,True,2025-05-09,7.16,2025-06-03,5.98,2025-07-25,7.48,2025-08-14,6.61,11.63,7.148,2025-09-01,990,978,True,2025-09-01,990,451.7,False,1101
002401,48.51540616246499,48.51540616246499,22.1759500260281,22.1759500260281,True,True,True,True,2022-11-24,13.5,2022-12-29,10.58,2023-02-02,20.83,2023-02-20,15.15,27.27,18.66,2023-03-27,399,374,True,2023-03-28,400,305.5,False,1101
002401,-5.177865612648224,-5.177865612648224,-18.404452690166984,-12.91828793774319,True,True,True,True,2023-02-02,20.83,2023-02-20,15.15,2023-04-13,29.0,2023-04-27,20.6,28.97,25.791,2023-05-31,442,421,True,2023-06-19,455,141.7,False,1101
002403,-16.03466955579632,-16.03466955579632,-16.03466955579632,-16.03466955579632,True,True,True,True,2022-01-10,7.67,2022-03-09,6.4,2022-03-15,7.71,2022-04-12,6.71,12.97,7.328,2022-04-28,178,166,True,2022-04-28,178,446.0,False,1101
002410,-5.9840425531914825,-5.9840425531914825,-5.9840425531914825,-5.9840425531914825,True,True,True,True,2024-12-13,14.08,2025-01-13,10.26,2025-02-17,14.66,2025-03-03,12.93,11.8,13.999,2025-03-19,877,865,True,2025-03-19,877,189.0,True,1101
002419,,,,,True,True,True,True,2025-11-14,5.85,2025-11-21,5.18,2025-12-18,6.07,2026-01-08,5.45,10.21,5.833,2026-01-26,1087,1075,True,2026-02-09,1097,100.0,False,1101
002421,13.20224719101124,11.44414168937329,13.297872340425542,6.091370558375631,True,True,True,True,2022-11-18,3.77,2022-11-25,3.25,2022-12-13,4.06,2022-12-23,3.3,18.72,3.77,2023-01-30,359,339,True,2023-01-31,360,148.7,False,1101
002427,83.46303501945526,83.46303501945526,83.46303501945526,83.46303501945526,True,True,True,True,2024-12-10,4.48,2025-01-06,3.05,2025-02-25,4.6,2025-03-13,3.63,21.09,4.229,2025-03-31,882,870,True,2025-03-31,882,783.5,False,1098
002430,6.132404181184681,6.132404181184681,6.132404181184681,1.373446697187708,True,True,True,True,2025-09-02,25.86,2025-09-26,22.41,2025-11-17,30.48,2025-11-21,25.9,15.03,28.73,2025-12-09,1055,1043,True,2025-12-12,1058,192.8,False,1101
002443,-21.507760532150776,-21.507760532150776,-21.507760532150776,-21.507760532150776,True,True,True,True,2022-04-15,8.87,2022-04-22,6.58,2022-05-11,9.33,2022-05-25,7.78,16.61,8.738,2022-06-13,206,194,True,2022-06-13,206,116.1,False,1101
002444,,,,,True,True,True,True,2025-11-13,32.46,2025-11-21,29.65,2025-12-11,37.5,2025-12-29,32.7,12.8,35.666,2026-01-16,1081,1069,True,2026-01-16,1081,135.0,False,1101
002446,-2.875695732838579,-2.875695732838579,-2.875695732838579,6.09037328094304,True,True,True,True,2022-08-19,8.9,2022-09-19,6.74,2022-10-31,11.36,2022-11-08,9.76,14.08,10.749,2022-11-24,318,306,True,2022-11-25,319,132.5,False,1101
002446,-18.357933579335793,-18.357933579335793,-18.357933579335793,-18.357933579335793,True,True,True,True,2023-01-04,10.86,2023-01-13,8.81,2023-02-02,11.21,2023-02-24,9.7,13.47,10.633,2023-03-14,390,378,True,2023-03-17,393,104.6,False,1101
002456,-8.857142857142852,-8.857142857142852,-8.857142857142852,-8.857142857142852,True,True,True,True,2023-07-04,6.3,2023-08-25,5.13,2023-09-11,6.4,2023-09-21,5.74,10.31,6.148,2023-10-17,533,521,True,2023-10-17,533,993.9,False,1091
002462,2.2284122562674202,7.629427792915533,7.0431893687707525,11.233766233766218,True,True,True,True,2025-05-08,15.0,2025-06-23,12.77,2025-08-05,16.02,2025-09-23,13.2,17.6,14.943,2025-11-12,1036,1006,True,2025-11-14,1038,230.1,False,1096
002468,50.3030303030303,50.3030303030303,36.69421487603306,25.98736176935228,True,True,True,True,2024-10-08,12.66,2024-12-05,9.48,2025-03-20,12.99,2025-05-26,10.16,21.79,11.909,2025-07-10,953,921,True,2025-07-18,959,350.2,False,1101
002468,-23.629590207557204,-23.629590207557204,-23.629590207557204,-23.629590207557204,True,True,True,True,2025-05-30,11.94,2025-06-19,10.57,2025-08-22,19.73,2025-09-05,15.82,19.82,18.236,2025-09-23,1006,994,False,,-1,87.2,False,1101
002471,13.592233009708732,13.592233009708732,13.592233009708732,13.592233009708732,True,True,True,True,2024-12-12,3.31,2025-01-13,2.41,2025-04-15,3.55,2025-04-29,2.65,25.35,3.206,2025-05-20,917,905,True,2025-05-20,917,463.3,False,1101
002495,-29.430379746835445,-29.430379746835445,-29.430379746835445,-29.430379746835445,True,True,True,True,2023-09-07,2.82,2023-10-23,2.46,2023-12-04,3.27,2023-12-19,2.78,14.98,3.083,2024-01-05,590,578,True,2024-01-05,590,116.3,False,1101
002512,22.314049586776875,17.36842105263159,17.36842105263159,9.84848484848484,True,True,True,True,2022-10-21,3.9,2022-11-28,3.35,2022-12-06,4.03,2022-12-30,3.4,15.63,3.789,2023-01-30,359,344,True,2023-02-02,362,298.4,False,1101
002515,15.738963531669881,15.738963531669881,15.738963531669881,15.738963531669881,True,True,True,True,2025-01-27,4.62,2025-02-19,4.23,2025-03-10,5.4,2025-04-09,4.75,12.04,5.152,2025-05-07,899,887,True,2025-05-12,902,572.3,False,1092
002515,15.309446254071668,15.309446254071668,15.309446254071668,15.309446254071668,True,True,True,True,2025-03-10,5.4,2025-04-09,4.75,2025-06-05,6.18,2025-06-23,5.41,12.46,5.886,2025-07-09,943,931,True,2025-07-09,943,397.4,False,1092
002516,-6.720000000000004,-6.720000000000004,-6.720000000000004,-6.720000000000004,True,True,True,True,2025-07-01,5.62,2025-08-04,5.03,2025-08-14,6.38,2025-08-28,5.35,16.14,5.987,2025-09-22,1000,988,True,2025-09-24,1002,197.1,False,1096
002528,52.26277372262773,52.26277372262773,52.26277372262773,52.26277372262773,True,True,True,True,2022-08-04,4.05,2022-10-11,3.08,2022-10-21,6.75,2022-11-28,4.73,29.93,5.978,2022-12-14,332,320,True,2022-12-14,332,467.8,False,1100
002533,-0.12953367875647714,2.4844720496894235,2.84653465346536,13.713592233009697,True,True,True,True,2023-05-04,8.3,2023-06-08,7.46,2023-07-04,8.46,2023-07-24,7.57,10.52,8.12,2023-11-20,557,478,True,2024-01-17,598,176.4,False,1101
002534,-15.769805680119585,-15.769805680119585,-15.769805680119585,-15.769805680119585,True,True,True,True,2024-12-10,12.23,2025-01-06,10.39,2025-01-14,13.7,2025-02-28,12.24,10.66,13.142,2025-03-18,876,864,True,2025-03-25,881,291.8,False,1101
002536,42.53521126760562,36.296975252062325,23.18435754189945,23.18435754189945,True,True,True,True,2023-02-06,11.0,2023-03-14,8.48,2023-04-03,11.99,2023-04-25,9.72,18.93,11.123,2023-05-31,442,419,True,2023-06-12,450,404.8,False,1101
002536,19.40184049079756,19.40184049079756,19.40184049079756,19.40184049079756,True,True,True,True,2024-11-04,12.59,2024-11-27,10.39,2024-12-12,12.7,2025-01-06,10.72,15.59,11.944,2025-01-22,843,831,True,2025-01-22,843,439.9,False,1101
002536,-1.04302477183833,-1.04302477183833,-1.04302477183833,-1.04302477183833,True,True,True,True,2024-12-12,12.7,2025-01-06,10.72,2025-01-13,14.88,2025-02-05,12.33,17.14,13.906,2025-02-21,859,847,True,2025-02-21,859,678.0,False,1101
002546,-12.676056338028163,-12.676056338028163,-12.676056338028163,-12.277227722772277,True,True,True,True,2023-10-09,5.07,2023-10-23,4.48,2023-11-20,5.2,2023-12-27,4.65,10.58,4.99,2024-01-15,596,584,True,2024-01-17,598,123.6,False,1101
002548,14.827586206896548,14.827586206896548,14.827586206896548,14.827586206896548,True,True,True,True,2025-09-24,5.54,2025-10-23,4.53,2025-11-12,5.81,2025-11-24,4.79,17.56,5.42,2025-12-10,1056,1044,True,2025-12-10,1056,234.3,False,1101
002550,-6.267539756782037,-6.267539756782037,-6.267539756782037,-6.267539756782037,True,True,True,True,2025-04-24,6.33,2025-05-15,5.88,2025-06-13,10.23,2025-06-30,8.17,20.14,9.443,2025-07-16,957,945,True,2025-07-16,957,222.3,False,1101
002551,-18.938053097345133,-18.938053097345133,-18.938053097345133,-12.667946257197704,True,True,True,True,2022-07-08,4.63,2022-07-18,3.96,2022-10-17,6.05,2022-10-28,4.23,30.08,5.355,2022-11-15,311,299,True,2022-11-21,315,144.0,False,1101
002558,70.23121387283237,70.23121387283237,73.75231053604436,73.75231053604436,True,True,True,True,2022-11-18,9.22,2022-12-28,7.71,2023-02-16,11.24,2023-02-28,9.93,11.65,10.74,2023-03-17,393,380,True,2023-03-20,394,971.0,False,1101
002558,41.14326040931546,41.14326040931546,41.14326040931546,41.14326040931546,True,True,True,True,2025-05-07,15.28,2025-05-19,13.53,2025-07-10,26.99,2025-08-01,23.15,14.23,25.523,2025-08-19,981,969,True,2025-08-19,981,786.5,False,1101
002561,,,,,True,True,True,True,2025-11-14,9.25,2025-11-21,8.43,2025-12-19,9.67,2026-01-05,8.68,10.24,9.292,2026-01-21,1084,1072,False,,-1,94.9,False,1101
002562,1.5873015873015817,1.5873015873015817,1.5873015873015817,1.5873015873015817,True,True,True,True,2025-05-07,5.15,2025-06-23,4.28,2025-07-15,6.82,2025-08-04,5.46,19.94,6.3,2025-08-20,982,970,True,2025-08-20,982,213.2,False,1101
002562,-8.08926080892608,-8.08926080892608,-8.08926080892608,-11.984021304926761,True,True,True,True,2025-07-15,6.82,2025-08-04,5.46,2025-08-18,7.79,2025-09-04,6.15,21.05,7.164,2025-09-22,1005,993,True,2025-09-25,1008,134.8,False,1101
002564,8.515815085158152,8.515815085158152,6.049822064056931,2.0454545454545503,True,True,True,True,2025-04-30,6.58,2025-06-23,5.22,2025-08-07,9.15,2025-08-25,7.56,17.38,8.543,2025-09-11,948,935,True,2025-09-25,958,143.4,False,1051
002565,0.0,0.0,0.0,0.0,True,True,True,True,2025-04-02,3.49,2025-04-09,2.68,2025-07-03,7.01,2025-07-22,6.24,10.98,6.716,2025-08-07,973,961,True,2025-08-07,973,2228.6,False,1101
002565,29.84848484848486,29.84848484848486,29.84848484848486,29.84848484848486,True,True,True,True,2025-10-10,7.74,2025-10-27,6.55,2025-11-10,8.17,2025-11-21,6.89,15.67,7.681,2025-12-09,1055,1043,True,2025-12-09,1055,1289.8,False,1101
002566,-1.1278195488721887,-1.8495684340320562,-1.2106537530266248,-1.93470374848852,True,True,True,True,2025-03-21,7.47,2025-04-09,6.12,2025-05-30,8.76,2025-06-23,7.4,15.53,8.24,2025-07-14,955,940,True,2025-08-19,981,167.6,False,1101
002567,4.157549234135649,4.157549234135649,4.157549234135649,4.157549234135649,True,True,True,True,2021-11-18,6.88,2021-12-07,6.28,2022-01-13,8.73,2022-01-26,7.59,13.06,8.295,2022-02-18,131,119,True,2022-02-18,131,334.2,False,1101
002575,9.84126984126985,9.84126984126985,9.84126984126985,9.84126984126985,True,True,True,True,2024-07-31,4.47,2024-08-28,3.88,2024-10-21,6.59,2024-11-04,5.5,16.54,6.174,2024-11-20,796,784,True,2024-11-21,797,756.0,False,1098
002577,33.180515759312314,33.180515759312314,33.180515759312314,33.180515759312314,True,True,True,True,2024-08-22,15.95,2024-09-18,11.83,2024-11-11,17.27,2024-11-27,14.83,14.13,16.338,2024-12-13,816,804,True,2024-12-13,816,621.7,False,1101
002586,-3.1847133757961776,-3.1847133757961776,-3.1847133757961776,-3.1847133757961776,True,True,True,True,2024-12-12,2.76,2025-02-11,2.07,2025-03-21,3.15,2025-04-09,2.48,21.27,2.894,2025-04-25,901,889,True,2025-04-25,901,307.5,False,1098
002592,5.434782608695654,5.434782608695654,5.434782608695654,3.0487804878048808,True,True,True,True,2025-03-06,5.62,2025-04-09,4.3,2025-06-12,6.79,2025-06-20,5.78,14.87,6.404,2025-07-08,951,939,True,2025-07-25,964,294.1,False,1101
002593,-10.534124629080122,-10.534124629080122,-10.534124629080122,,True,True,True,False,2025-08-27,6.2,2025-10-13,4.9,2025-11-18,7.7,2025-11-21,5.52,28.31,6.867,2025-12-09,1055,1043,False,,-1,63.3,False,1101
002594,0.002500062501553657,0.002500062501553657,0.002500062501553657,0.002500062501553657,True,True,True,True,2024-12-10,294.0,2025-01-13,262.21,2025-02-24,388.66,2025-03-04,338.03,13.03,369.319,2025-03-20,878,866,True,2025-03-20,878,155.9,True,1101
002599,-26.87007874015749,-26.87007874015749,-26.87007874015749,-26.87007874015749,True,True,True,True,2023-03-23,7.74,2023-04-24,5.58,2023-05-09,8.68,2023-05-25,6.56,24.42,7.87,2023-06-12,450,438,True,2023-06-12,450,217.9,False,1101
002602,-21.63742690058479,-21.63742690058479,-21.63742690058479,-21.63742690058479,True,True,True,True,2023-02-16,4.92,2023-03-16,4.08,2023-05-04,7.15,2023-05-17,5.16,27.83,6.39,2023-06-02,444,432,True,2023-06-02,444,156.3,False,1099
002606,28.227848101265817,28.227848101265817,28.227848101265817,28.227848101265817,True,True,True,True,2024-05-28,7.97,2024-06-11,6.77,2024-07-11,8.25,2024-07-25,7.22,12.48,7.857,2024-08-12,734,722,True,2024-08-23,743,419.4,False,1101
002609,-0.6517690875232796,-0.6517690875232796,-0.6517690875232796,-0.6517690875232796,True,True,True,True,2022-12-27,9.38,2023-01-13,8.07,2023-02-02,10.5,2023-02-23,8.96,14.67,9.912,2023-03-13,389,377,True,2023-03-13,389,225.3,False,1101
002614,-13.742331288343557,-13.742331288343557,-13.742331288343557,-13.742331288343557,True,True,True,True,2025-08-28,7.25,2025-10-13,6.4,2025-11-17,8.07,2025-11-21,6.99,13.38,7.657,2025-12-09,1055,1043,True,2025-12-09,1055,135.2,False,1101
002627,,,,,True,True,True,True,2025-09-16,7.63,2025-10-13,5.68,2025-12-17,8.0,2026-01-06,7.05,11.88,7.637,2026-01-22,1075,1063,True,2026-01-22,1075,341.1,False,1091
002629,11.624203821656053,11.624203821656053,7.462686567164178,7.462686567164178,True,True,True,True,2025-04-23,5.81,2025-05-15,4.64,2025-06-10,6.9,2025-06-24,5.5,20.29,6.365,2025-07-17,957,940,True,2025-07-18,958,345.0,False,1100
002630,-6.321839080459779,-6.321839080459779,-6.321839080459779,-6.321839080459779,True,True,True,True,2022-07-22,3.18,2022-08-10,2.64,2022-08-18,3.69,2022-09-01,2.77,24.93,3.339,2022-09-20,276,264,True,2022-09-20,276,106.5,False,1100
002638,2.033898305084736,2.033898305084736,2.033898305084736,2.033898305084736,True,True,True,True,2025-06-30,2.75,2025-08-14,2.2,2025-10-09,2.89,2025-10-29,2.56,11.42,2.764,2025-11-14,1027,1015,True,2025-11-14,1027,269.7,False,1090
002638,-3.858520900321538,-3.858520900321538,-3.858520900321538,-3.858520900321538,True,True,True,True,2025-10-09,2.89,2025-10-29,2.56,2025-11-05,3.17,2025-11-21,2.62,17.35,2.96,2025-12-09,1044,1032,True,2025-12-09,1044,121.8,False,1090
002639,5.654450261780086,5.654450261780086,5.654450261780086,5.654450261780086,True,True,True,True,2025-07-24,12.55,2025-09-04,10.13,2025-11-18,17.09,2025-11-28,12.94,24.28,15.505,2025-12-16,1060,1048,True,2025-12-16,1060,392.0,False,1101
002645,31.21739130434782,31.21739130434782,31.21739130434782,31.21739130434782,True,True,True,True,2025-05-19,8.46,2025-06-03,7.91,2025-06-12,10.48,2025-06-26,8.88,15.27,9.869,2025-07-14,955,943,True,2025-07-14,955,607.5,False,1101
002645,-4.026050917702784,-4.026050917702784,-4.026050917702784,-4.026050917702784,True,True,True,True,2025-06-12,10.48,2025-06-26,8.88,2025-07-29,16.65,2025-08-06,12.91,22.46,15.221,2025-08-22,984,972,True,2025-08-22,984,152.1,False,1101
002649,5.970149253731338,-13.454317897371714,-17.773677736777383,-12.846347607052898,True,True,True,True,2022-12-07,11.86,2022-12-22,9.93,2023-03-06,17.47,2023-03-30,14.61,16.37,16.377,2023-06-14,452,402,False,,-1,85.3,False,1101
002655,-24.50211225105613,-24.50211225105613,-24.50211225105613,-24.50211225105613,True,True,True,True,2024-12-11,14.3,2025-01-13,10.55,2025-02-20,14.35,2025-03-13,12.18,15.12,13.521,2025-03-31,881,869,True,2025-03-31,881,278.8,False,1097
002658,6.9524913093858665,6.9524913093858665,3.850509626274068,0.22099447513812542,True,True,True,True,2022-11-04,9.18,2022-12-12,7.76,2022-12-13,9.28,2022-12-29,7.99,13.9,8.787,2023-01-30,359,343,True,2023-02-02,362,134.9,False,1101
002663,-17.573221757322177,-17.573221757322177,-17.573221757322177,-17.573221757322177,True,True,True,True,2025-07-04,2.04,2025-08-01,1.79,2025-09-18,2.28,2025-09-29,1.94,14.91,2.15,2025-10-23,1022,1010,True,2025-10-23,1022,179.4,False,1101
002668,7.682119205298021,7.682119205298021,7.682119205298021,7.682119205298021,True,True,True,True,2023-03-27,6.48,2023-04-14,5.92,2023-04-24,7.99,2023-05-15,6.98,12.64,7.604,2023-05-31,437,425,True,2023-05-31,437,213.9,False,1096
002682,-34.51327433628318,-29.87987987987988,-29.87987987987988,-38.867438867438864,True,True,True,True,2023-09-13,4.5,2023-09-21,3.89,2023-10-30,8.2,2023-11-13,5.46,33.41,7.153,2023-12-19,578,552,True,2023-12-27,582,138.3,False,1099
002696,-0.9661835748792202,-0.9661835748792202,-0.9661835748792202,-0.9661835748792202,True,True,True,True,2025-03-21,6.05,2025-04-09,4.57,2025-06-04,6.18,2025-06-23,5.56,10.03,5.943,2025-07-09,952,940,True,2025-07-09,952,385.5,False,1101
002707,-2.6600985221674867,-2.6600985221674867,-2.6600985221674867,-2.6600985221674867,True,True,True,True,2022-09-27,7.69,2022-10-12,5.9,2022-11-11,9.74,2022-11-23,7.3,25.05,8.808,2022-12-09,329,317,True,2022-12-09,329,175.8,False,1101
002718,2.264150943396226,2.264150943396226,2.264150943396226,2.264150943396226,True,True,True,True,2022-10-20,14.6,2022-10-31,13.05,2022-12-22,16.2,2022-12-30,13.16,18.77,15.039,2023-01-18,356,344,True,2023-02-07,365,133.6,False,1096
002722,5.839416058394176,5.839416058394176,5.839416058394176,5.839416058394176,True,True,True,True,2022-11-07,13.37,2022-11-23,12.36,2022-12-01,14.0,2022-12-23,12.5,10.71,13.427,2023-01-11,350,338,True,2023-01-11,350,460.0,False,1100
002748,8.349514563106798,8.349514563106798,8.349514563106798,-2.3376623376623495,True,True,True,True,2025-08-12,10.3,2025-08-28,8.9,2025-09-09,11.26,2025-09-23,9.03,19.8,10.408,2025-10-17,1016,1004,True,2025-10-21,1018,370.4,False,1099
002755,22.48953974895398,22.48953974895398,22.48953974895398,22.48953974895398,True,True,True,True,2025-04-15,20.36,2025-05-28,15.49,2025-06-13,20.54,2025-06-23,15.6,24.05,18.653,2025-07-09,951,939,True,2025-07-15,955,271.3,False,1100
002768,-7.080745341614891,-7.080745341614891,-7.080745341614891,-7.080745341614891,True,True,True,True,2024-08-30,18.58,2024-09-18,17.25,2024-10-08,24.02,2024-11-27,21.5,10.49,23.057,2024-12-13,816,804,True,2024-12-13,816,237.7,False,1101
002768,4.862366887683334,4.862366887683334,4.862366887683334,2.634146341463417,True,True,True,True,2025-06-09,27.49,2025-06-23,24.81,2025-09-19,53.5,2025-09-23,44.41,16.99,50.028,2025-10-21,1020,1006,True,2025-11-03,1029,214.3,False,1101
002771,-17.888365837256217,-17.888365837256217,-17.888365837256217,-22.101910828025474,True,True,True,True,2023-01-05,14.74,2023-01-18,11.3,2023-02-09,16.15,2023-02-20,12.67,21.55,14.821,2023-03-08,386,374,True,2023-03-15,391,202.3,False,1101
002772,-6.571741511500562,-6.571741511500562,-6.571741511500562,-6.571741511500562,True,True,True,True,2022-11-14,8.53,2022-11-28,7.66,2022-12-05,9.45,2022-12-30,7.9,16.4,8.858,2023-01-30,359,344,True,2023-02-09,367,260.0,False,1101
002775,-27.3170731707317,-27.3170731707317,-27.3170731707317,-27.3170731707317,True,True,True,True,2023-10-10,4.05,2023-10-23,3.69,2023-11-22,4.19,2023-12-27,3.76,10.26,4.026,2024-01-15,591,579,False,,-1,93.0,False,1096
002777,72.59019924609585,51.78658835046501,51.78658835046501,51.78658835046501,True,True,True,True,2022-11-11,19.99,2022-12-22,14.33,2023-01-20,20.5,2023-02-20,17.73,13.51,19.442,2023-03-13,389,374,True,2023-03-14,390,990.6,True,1101
002778,0.4826254826254983,0.4826254826254983,1.2546468401486877,1.2546468401486877,True,True,True,True,2025-08-28,21.5,2025-09-23,18.5,2025-09-30,22.47,2025-10-23,19.46,13.4,21.32,2025-11-11,1030,1017,True,2025-11-14,1033,160.8,False,1096
002785,-28.37611607142857,-28.37611607142857,-28.37611607142857,-28.37611607142857,True,True,True,True,2022-08-19,29.7,2022-10-12,22.55,2022-11-11,34.72,2022-11-23,29.6,14.75,32.764,2022-12-09,329,317,True,2022-12-09,329,137.3,False,1101
002787,0.5807200929152323,-8.23653643083423,-8.23653643083423,-8.23653643083423,True,True,True,True,2023-02-10,8.71,2023-03-14,7.56,2023-03-30,9.45,2023-04-14,7.82,17.25,8.827,2023-08-08,489,412,True,2023-08-08,489,159.5,False,1101
002787,0.1607717041800738,0.1607717041800738,0.1607717041800738,0.1607717041800738,True,True,True,True,2025-09-17,8.98,2025-09-23,7.86,2025-11-07,12.28,2025-11-21,9.71,20.93,11.298,2025-12-09,1055,1043,True,2025-12-09,1055,186.4,False,1101
002790,-5.9689288634505395,-5.9689288634505395,-5.9689288634505395,-5.9689288634505395,True,True,True,True,2023-05-22,9.12,2023-06-01,8.19,2023-07-31,11.69,2023-08-14,10.16,13.09,11.106,2023-08-30,505,493,True,2023-08-30,505,204.6,False,1101
002792,72.38479650184999,72.38479650184999,72.38479650184999,72.38479650184999,True,True,True,True,2025-08-28,19.5,2025-09-04,15.46,2025-11-10,21.28,2025-11-21,17.03,19.97,19.656,2025-12-09,1055,1043,True,2025-12-09,1055,1325.2,True,1101
002795,,,,,True,True,True,True,2025-08-06,6.9,2025-09-23,4.53,2025-12-08,7.15,2025-12-18,5.93,17.06,6.684,2026-01-07,1070,1058,True,2026-01-07,1070,152.5,True,1097
002803,5.185185185185182,5.185185185185182,5.185185185185182,5.185185185185182,True,True,True,True,2022-11-17,16.89,2022-12-13,13.37,2022-12-26,17.29,2023-01-18,14.9,13.82,16.377,2023-02-10,368,356,True,2023-02-10,368,464.4,False,1101
002803,-6.096997690531181,-6.096997690531181,-6.096997690531181,-12.73996509598605,True,True,True,True,2023-02-07,19.24,2023-03-16,15.6,2023-03-24,24.97,2023-04-10,18.35,26.51,22.441,2023-04-26,420,408,True,2023-06-13,451,115.6,False,1101
002803,7.100238663484482,7.100238663484482,7.100238663484482,7.100238663484482,True,True,True,True,2025-05-23,15.5,2025-06-23,12.71,2025-07-08,17.45,2025-07-24,15.1,13.47,16.552,2025-08-11,975,963,True,2025-08-21,983,244.3,False,1101
002803,-10.363537710255022,-10.363537710255022,-10.363537710255022,-10.363537710255022,True,True,True,True,2025-07-08,17.45,2025-07-24,15.1,2025-08-26,19.5,2025-09-04,16.35,16.15,18.297,2025-09-22,1005,993,True,2025-09-26,1009,142.5,False,1101
002805,20.99567099567099,20.99567099567099,16.576086956521728,8.506731946144441,True,True,True,True,2025-06-25,15.51,2025-08-28,12.25,2025-09-08,16.07,2025-09-23,13.06,18.73,14.92,2025-10-30,1027,1006,True,2025-11-05,1031,358.5,True,1101
002806,-9.913169319826343,-9.913169319826343,-9.913169319826343,-9.913169319826343,True,True,True,True,2024-09-03,12.23,2024-09-18,8.31,2024-10-10,13.19,2024-11-04,10.66,19.18,12.224,2024-11-20,799,787,True,2024-11-20,799,168.0,False,1096
002813,15.533980582524265,15.533980582524265,15.533980582524265,15.533980582524265,True,True,True,True,2025-06-24,25.24,2025-07-15,22.33,2025-08-20,26.74,2025-09-04,23.5,12.12,25.502,2025-09-22,987,975,True,2025-09-24,989,304.6,False,1083
002813,12.95180722891567,12.95180722891567,12.95180722891567,12.95180722891567,True,True,True,True,2025-08-20,26.74,2025-09-04,23.5,2025-09-16,27.31,2025-10-13,24.4,10.66,26.198,2025-10-29,1008,996,True,2025-10-29,1008,308.2,False,1083
002813,-4.965753424657537,-4.965753424657537,-4.965753424657537,-4.965753424657537,True,True,True,True,2025-09-16,27.31,2025-10-13,24.4,2025-10-17,28.81,2025-11-13,25.2,12.53,27.431,2025-12-01,1031,1019,True,2025-12-01,1031,226.3,False,1083
002827,-15.6515821708064,-15.6515821708064,-18.048780487804883,-18.087697929354462,True,True,True,True,2024-07-15,23.6,2024-07-30,18.76,2024-10-16,34.19,2024-11-01,27.81,18.66,31.753,2024-12-10,813,786,True,2024-12-23,822,130.3,False,1101
002827,6.117091100026251,6.117091100026251,6.117091100026251,6.117091100026251,True,True,True,True,2025-04-29,30.8,2025-05-30,27.31,2025-06-17,37.83,2025-06-30,30.6,19.11,35.068,2025-07-16,957,945,True,2025-07-16,957,432.9,False,1101
002830,,,,,True,True,True,True,2025-11-14,20.3,2025-11-24,17.35,2025-12-08,24.58,2025-12-12,17.7,27.99,21.952,2026-01-16,1081,1058,True,2026-02-02,1092,262.2,False,1101
002835,-1.4351320321469574,-1.4351320321469574,-1.4351320321469574,-1.4351320321469574,True,True,True,True,2023-04-11,16.89,2023-04-27,12.86,2023-05-12,17.78,2023-05-30,15.2,14.51,16.794,2023-06-15,453,441,True,2023-06-19,455,338.0,False,1101
002835,10.696095076400658,10.696095076400658,10.696095076400658,19.545454545454554,True,True,True,True,2024-07-11,17.31,2024-09-18,12.58,2024-11-12,18.85,2024-11-18,16.6,11.94,17.99,2024-12-04,809,797,True,2024-12-06,811,314.2,False,1101
002836,12.01923076923077,25.560538116591935,16.4591977869986,16.4591977869986,True,True,True,True,2024-04-02,7.25,2024-04-17,5.08,2024-05-24,7.74,2024-07-09,5.41,30.1,6.85,2024-09-30,767,710,True,2024-10-08,768,197.0,True,1101
002843,22.64509990485253,22.64509990485253,22.64509990485253,22.64509990485253,True,True,True,True,2023-08-15,18.78,2023-08-25,16.6,2023-09-13,21.37,2023-09-26,17.63,17.5,19.941,2023-10-20,536,524,True,2023-10-20,536,305.9,False,1101
002847,-41.09386548410939,-41.09386548410939,-41.09386548410939,-41.09386548410939,True,True,True,True,2022-12-27,111.79,2023-01-09,101.6,2023-03-06,135.11,2023-03-20,115.07,14.83,127.455,2023-04-06,406,394,True,2023-04-06,406,121.9,True,1101
002852,11.189516129032251,11.189516129032251,11.189516129032251,11.189516129032251,True,True,True,True,2025-03-17,9.39,2025-04-07,8.27,2025-04-14,10.1,2025-04-28,8.72,13.66,9.573,2025-05-19,916,904,True,2025-05-20,917,300.7,False,1101
002853,-15.337423312883436,-15.337423312883436,-15.337423312883436,-15.337423312883436,True,True,True,True,2022-10-25,21.5,2022-12-23,17.25,2023-01-06,23.48,2023-02-03,20.2,13.97,22.227,2023-02-21,375,363,True,2023-02-24,378,103.0,False,1096
002857,-9.379247847757133,-9.379247847757133,-9.379247847757133,-9.379247847757133,True,True,True,True,2023-03-09,18.34,2023-04-11,15.43,2023-06-06,22.0,2023-06-14,18.99,13.68,20.85,2023-07-04,464,452,True,2023-07-04,464,129.9,False,1101
002857,24.240915878546552,24.240915878546552,24.240915878546552,24.240915878546552,True,True,True,True,2025-03-19,16.35,2025-04-09,11.69,2025-06-17,21.0,2025-06-23,17.87,14.9,19.804,2025-07-09,952,940,True,2025-07-10,953,425.9,False,1101
002857,-22.832764505119464,-22.832764505119464,-22.832764505119464,-22.832764505119464,True,True,True,True,2025-06-17,21.0,2025-06-23,17.87,2025-07-30,30.69,2025-08-12,23.2,24.41,27.829,2025-08-28,988,976,True,2025-08-28,988,106.8,False,1101
002858,62.41610738255032,62.41610738255032,62.41610738255032,69.01587301587301,True,True,True,True,2023-01-03,14.45,2023-01-19,12.09,2023-02-17,16.0,2023-02-28,13.51,15.56,15.049,2023-03-16,392,380,True,2023-03-20,394,674.7,False,1101
002858,-25.35433070866141,-25.35433070866141,-25.35433070866141,-29.516069449575177,True,True,True,True,2023-02-17,16.0,2023-02-28,13.51,2023-05-19,28.58,2023-05-25,22.77,20.33,26.361,2023-06-12,450,438,True,2023-06-19,455,129.8,False,1101
002858,-8.246753246753247,-8.246753246753247,-8.246753246753247,-8.246753246753247,True,True,True,True,2025-06-12,14.86,2025-06-20,12.25,2025-08-20,15.79,2025-09-04,13.45,14.82,14.896,2025-09-22,1005,993,True,2025-11-10,1034,193.2,False,1101
002862,-8.581644815256261,-8.581644815256261,-8.581644815256261,-8.581644815256261,True,True,True,True,2022-09-01,14.88,2022-09-19,11.0,2022-11-23,16.44,2022-12-23,14.3,13.02,15.623,2023-01-11,351,339,True,2023-01-11,351,250.9,True,1101
002863,0.5050505050504972,0.5050505050504972,0.5050505050504972,0.5050505050504972,True,True,True,True,2022-10-27,5.85,2022-10-31,5.06,2022-12-12,5.98,2022-12-29,5.07,15.22,5.632,2023-01-17,355,343,True,2023-01-20,358,237.4,False,1101
002865,31.755622692178598,31.755622692178598,31.755622692178598,31.755622692178598,True,True,True,True,2022-03-23,97.0,2022-04-27,53.85,2022-06-20,113.99,2022-07-11,90.11,20.95,104.868,2022-07-27,238,226,True,2022-07-27,238,741.7,True,1101
002865,6.640503976040502,6.640503976040502,6.640503976040502,6.640503976040502,True,True,True,True,2022-06-20,113.99,2022-07-11,90.11,2022-08-16,201.6,2022-09-01,150.33,25.43,182.015,2022-09-20,276,264,True,2022-09-23,279,228.0,True,1101
002865,-21.326616288832913,-21.326616288832913,-21.326616288832913,-21.326616288832913,True,True,True,True,2022-08-16,201.6,2022-09-01,150.33,2022-09-08,218.04,2022-10-18,179.0,17.9,203.127,2022-11-03,303,291,True,2022-11-03,303,226.0,True,1101
002870,-4.3613707165109155,-8.203125,-9.17541229385308,-5.545774647887325,True,True,True,True,2023-04-03,31.5,2023-04-25,26.27,2023-05-15,35.99,2023-06-08,30.12,16.31,33.748,2023-07-03,463,448,True,2023-07-18,474,197.4,False,1101
002871,-0.959232613908878,1.1507479861910141,-9.832635983263616,-9.832635983263616,True,True,True,True,2024-05-10,9.2,2024-06-11,7.3,2024-06-19,9.71,2024-07-09,7.48,22.97,8.858,2024-08-09,733,710,True,2024-08-12,734,146.6,True,1101
002872,2.970297029702973,2.970297029702973,2.970297029702973,2.970297029702973,True,True,True,True,2025-07-02,4.93,2025-07-15,4.52,2025-08-27,5.15,2025-09-04,4.6,10.68,4.94,2025-09-22,1005,993,True,2025-09-22,1005,220.0,False,1101
002875,37.42437337942957,37.42437337942957,37.42437337942957,37.42437337942957,True,True,True,True,2024-06-27,11.79,2024-07-10,9.46,2024-07-22,11.95,2024-08-23,10.51,12.05,11.4,2024-09-10,755,743,True,2024-09-12,757,814.6,False,1096
002887,2.5879917184264967,2.5879917184264967,2.5879917184264967,2.5879917184264967,True,True,True,True,2025-06-17,9.65,2025-06-23,7.62,2025-07-30,9.95,2025-08-28,8.32,16.38,9.327,2025-09-15,1000,988,True,2025-10-22,1021,185.9,False,1101
002887,-6.197478991596639,-6.197478991596639,-10.121457489878537,-9.615384615384626,True,True,True,True,2025-07-30,9.95,2025-08-28,8.32,2025-09-08,10.29,2025-09-23,8.9,13.51,9.759,2025-10-21,1020,1006,True,2025-11-04,1030,176.3,False,1101
002888,-3.865461847389573,-3.865461847389573,-3.865461847389573,-10.665408211420491,True,True,True,True,2024-08-30,17.79,2024-09-19,13.15,2024-11-13,22.68,2024-11-19,17.88,21.16,20.846,2024-12-06,811,798,True,2024-12-13,816,113.1,False,1101
002893,-14.552238805970152,-14.552238805970152,-14.552238805970152,-14.552238805970152,True,True,True,True,2025-08-14,12.6,2025-09-23,10.6,2025-10-21,13.8,2025-11-13,11.62,15.8,12.967,2025-12-01,1044,1032,True,2025-12-03,1046,134.9,False,1096
002895,23.32514907050156,23.32514907050156,23.32514907050156,23.32514907050156,True,True,True,True,2025-05-26,26.18,2025-06-24,21.88,2025-09-09,28.3,2025-09-23,25.25,10.78,27.135,2025-10-17,1018,1006,True,2025-10-17,1018,584.6,False,1101
002901,-15.2478448275862,-18.025078369905955,-24.009962640099623,-24.009962640099623,True,True,True,True,2023-02-06,38.98,2023-03-03,34.72,2023-03-08,41.02,2023-03-30,35.11,14.41,38.762,2023-04-21,417,402,True,2023-04-21,417,115.9,False,1101
002903,,,,,True,True,True,True,2025-11-11,24.98,2025-11-28,20.02,2025-12-05,25.3,2025-12-17,20.37,19.49,23.417,2026-01-06,1073,1061,True,2026-01-13,1078,127.6,False,1101
002905,17.0018281535649,17.0018281535649,17.0018281535649,17.0018281535649,True,True,True,True,2023-01-03,10.55,2023-03-16,7.88,2023-05-12,10.75,2023-05-30,8.23,23.44,9.787,2023-06-15,453,441,True,2023-06-15,453,227.0,False,1101
002905,-19.08602150537635,-22.935779816513758,-20.354729729729726,,True,True,True,False,2023-05-12,10.75,2023-05-30,8.23,2023-06-13,13.28,2023-08-03,10.23,22.97,12.115,2023-08-25,502,486,False,,-1,74.4,False,1101
002907,-3.6076662908680834,-3.6076662908680834,-3.4636871508379796,-3.4636871508379796,True,True,True,True,2023-04-24,19.26,2023-06-26,14.36,2023-08-16,19.78,2023-08-29,14.72,25.58,17.847,2023-09-15,517,504,True,2023-10-16,532,114.2,False,1101
002912,2.2347629796839685,2.2347629796839685,2.2347629796839685,2.2347629796839685,True,True,True,True,2022-11-21,37.95,2022-12-23,28.73,2023-03-16,46.88,2023-03-30,39.29,16.19,43.981,2023-04-18,414,402,True,2023-05-08,425,158.2,False,1101
002912,-30.690221857025467,-30.690221857025467,-30.690221857025467,-30.690221857025467,True,True,True,True,2023-05-10,48.3,2023-05-25,39.4,2023-06-20,49.32,2023-06-28,40.56,17.76,45.974,2023-07-14,472,460,True,2023-07-17,473,122.6,False,1101
002918,-8.769307424015949,-8.769307424015949,-17.00809909480704,-25.552187093980073,True,True,True,True,2022-12-09,21.5,2023-01-04,17.55,2023-01-13,22.18,2023-02-06,18.5,16.59,20.774,2023-03-01,381,364,True,2023-03-02,382,127.4,False,1101
002927,-1.5231092436974736,-1.5231092436974736,-5.605158730158721,,True,True,True,True,2025-08-12,17.83,2025-09-23,14.25,2025-11-20,22.49,2025-11-24,15.67,30.32,19.885,2025-12-12,1058,1044,True,2026-01-09,1076,147.2,False,1101
002928,22.013274336283196,22.013274336283196,22.013274336283196,22.013274336283196,True,True,True,True,2025-05-28,9.05,2025-06-23,7.67,2025-07-15,9.3,2025-07-31,8.3,10.75,8.918,2025-08-18,980,968,True,2025-08-21,983,418.0,False,1101
002930,0.7187780772686336,0.7187780772686336,0.7187780772686336,-5.6749785038692995,True,True,True,True,2023-03-28,22.66,2023-04-26,19.58,2023-05-12,23.64,2023-06-26,20.91,11.55,22.597,2023-07-12,470,458,True,2023-07-19,475,106.2,False,1101
002935,14.900314795383007,14.900314795383007,13.472584856396885,,True,True,True,True,2025-08-26,17.42,2025-09-04,14.68,2025-11-14,20.84,2025-11-21,17.11,17.9,19.415,2025-12-10,1056,1043,True,2025-12-25,1067,283.9,True,1101
002941,-15.600000000000003,-15.600000000000003,-15.600000000000003,-15.600000000000003,True,True,True,True,2023-07-11,16.56,2023-07-28,14.3,2023-08-18,18.65,2023-08-28,15.08,19.14,17.286,2023-09-13,515,503,True,2023-09-26,524,143.1,False,1101
002942,11.185682326621915,11.185682326621915,11.185682326621915,-4.207792207792204,True,True,True,True,2025-05-08,17.36,2025-05-26,16.45,2025-06-09,18.94,2025-06-20,16.65,12.09,18.065,2025-07-08,951,939,True,2025-07-25,964,473.8,False,1101
002942,-1.36314067611778,-1.36314067611778,-1.36314067611778,-1.36314067611778,True,True,True,True,2025-06-09,18.94,2025-06-20,16.65,2025-07-03,19.22,2025-07-15,16.9,12.07,18.334,2025-07-31,968,956,True,2025-08-14,978,456.9,False,1101
002946,10.313630880579016,10.313630880579016,10.313630880579016,10.313630880579016,True,True,True,True,2025-01-06,16.61,2025-02-06,13.03,2025-03-17,16.83,2025-04-07,13.94,17.17,15.726,2025-04-23,901,889,True,2025-04-24,902,261.2,False,1101
002946,-9.732620320855611,-9.732620320855611,-9.732620320855611,-9.732620320855611,True,True,True,True,2025-03-17,16.83,2025-04-07,13.94,2025-04-10,18.26,2025-04-29,15.86,13.14,17.343,2025-05-20,917,905,True,2025-05-20,917,234.6,False,1101
002955,,,,,True,True,True,True,2025-10-31,29.97,2025-11-13,26.0,2025-12-08,30.8,2025-12-17,27.5,10.71,29.539,2026-01-06,1069,1057,True,2026-01-12,1073,117.9,False,1097
002957,-20.042643923240945,-20.042643923240945,-20.042643923240945,-28.564380858411443,True,True,True,True,2023-03-29,19.75,2023-05-12,14.75,2023-06-02,20.35,2023-06-09,15.92,21.77,18.658,2023-06-29,461,449,True,2023-06-30,462,116.9,False,1101
002959,11.43730074388949,11.43730074388949,11.43730074388949,11.43730074388949,True,True,True,True,2022-12-09,67.92,2022-12-26,59.0,2023-01-16,75.0,2023-02-08,66.41,11.45,71.719,2023-02-24,378,366,True,2023-02-24,378,364.3,False,1101
002959,-18.48397895743663,-18.48397895743663,-19.971969166082705,-21.128936423054068,True,True,True,True,2023-02-23,76.99,2023-03-20,63.04,2023-04-25,91.24,2023-05-10,77.89,14.63,86.14,2023-06-06,446,427,True,2023-06-15,453,148.4,False,1101
002961,-19.698492462311567,-19.698492462311567,-19.698492462311567,-19.698492462311567,True,True,True,True,2025-08-19,24.47,2025-09-23,19.76,2025-11-13,26.97,2025-11-24,20.74,23.1,24.59,2025-12-10,1056,1044,True,2025-12-10,1056,158.3,False,1101
002962,38.50036049026677,38.50036049026677,38.50036049026677,38.50036049026677,True,True,True,True,2023-09-11,13.8,2023-09-21,11.83,2023-10-12,14.25,2023-10-24,12.3,13.68,13.505,2023-11-09,550,538,True,2023-11-14,553,693.3,False,1101
002967,15.493910690121805,15.493910690121805,15.493910690121805,15.493910690121805,True,True,True,True,2024-08-02,12.82,2024-08-20,11.8,2024-08-30,13.77,2024-09-18,12.0,12.85,13.094,2024-10-11,771,759,True,2024-10-11,771,602.8,False,1101
002976,2.7362276541408326,2.7362276541408326,2.7362276541408326,2.7362276541408326,True,True,True,True,2025-09-18,26.35,2025-10-13,22.73,2025-10-16,26.87,2025-11-21,24.02,10.61,25.781,2025-12-09,1055,1043,True,2025-12-09,1055,256.8,False,1101
002979,14.516695957820724,14.516695957820724,14.516695957820724,14.516695957820724,True,True,True,True,2024-08-16,23.31,2024-09-23,18.32,2024-10-09,28.45,2024-11-01,23.69,16.73,26.632,2024-11-19,798,786,True,2024-11-19,798,708.2,False,1101
002981,0.6264424662050905,0.6264424662050905,0.6264424662050905,0.6264424662050905,True,True,True,True,2025-05-13,29.91,2025-06-03,22.71,2025-07-04,30.35,2025-07-22,25.92,14.6,28.658,2025-08-07,973,961,True,2025-08-08,974,345.4,True,1101
002983,0.8056042031523658,0.8056042031523658,0.8056042031523658,0.8056042031523658,True,True,True,True,2023-09-07,26.42,2023-09-19,23.9,2023-10-13,28.67,2023-10-26,25.73,10.25,27.547,2023-11-13,552,540,True,2023-11-13,552,337.1,True,1101
002988,-0.09302325581395099,-0.09302325581395099,-0.09302325581395099,-0.09302325581395099,True,True,True,True,2025-03-18,25.91,2025-04-08,19.58,2025-06-04,41.5,2025-06-23,35.6,14.22,39.246,2025-07-09,952,940,True,2025-07-09,952,292.9,False,1101
002990,9.48590381426202,9.48590381426202,9.48590381426202,9.48590381426202,True,True,True,True,2022-11-11,30.5,2022-11-28,24.72,2022-12-12,31.22,2022-12-28,25.96,16.85,29.211,2023-01-16,354,342,True,2023-01-19,357,316.0,False,1101
002992,-5.740093240093236,-5.740093240093236,-5.740093240093236,-5.740093240093236,True,True,True,True,2023-04-10,45.38,2023-04-25,30.26,2023-06-07,66.96,2023-06-20,53.78,19.68,61.925,2023-07-10,468,456,True,2023-07-10,468,259.6,False,1101
003001,100.33745781777274,100.33745781777274,100.33745781777274,100.33745781777274,True,True,True,True,2024-06-26,18.5,2024-08-06,14.65,2024-09-04,23.91,2024-09-23,20.5,14.26,22.607,2024-10-16,774,762,True,2024-10-16,774,1041.1,True,1101
003001,-1.5746124031007724,-1.5746124031007724,-1.5746124031007724,-1.5746124031007724,True,True,True,True,2024-09-04,23.91,2024-09-23,20.5,2024-11-07,44.77,2024-11-15,33.89,24.3,40.614,2024-12-03,808,796,True,2024-12-06,811,203.2,True,1101
003017,-6.67638483965014,-6.67638483965014,-6.67638483965014,-9.834190966266432,True,True,True,True,2025-04-30,27.58,2025-06-03,23.85,2025-08-13,36.4,2025-08-28,30.7,15.66,34.223,2025-09-15,1000,988,False,,-1,93.9,True,1101
003030,3.19353597537515,0.4511278195488577,0.4511278195488577,-9.76681311253802,True,True,True,True,2022-09-14,26.4,2022-10-11,21.66,2022-11-04,27.83,2022-11-23,25.0,10.17,26.749,2022-12-13,331,317,True,2022-12-16,334,186.9,False,1101
003043,-24.66587717814245,-24.66587717814245,-24.66587717814245,-24.66587717814245,True,True,True,True,2024-11-11,55.0,2025-01-06,37.7,2025-04-16,59.0,2025-05-21,47.33,19.78,54.542,2025-06-09,925,913,True,2025-06-09,925,124.8,True,1096
300005,-16.43564356435644,-16.43564356435644,-16.43564356435644,-16.43564356435644,True,True,True,True,2024-12-16,9.16,2025-01-13,6.03,2025-04-14,10.5,2025-04-29,8.09,22.95,9.579,2025-05-20,917,905,True,2025-11-11,1035,141.1,True,1101
300007,-16.724053123462856,-16.724053123462856,-16.724053123462856,-16.724053123462856,True,True,True,True,2023-10-11,17.84,2023-10-23,14.86,2023-11-15,20.96,2023-12-06,17.26,17.65,19.547,2023-12-22,581,569,True,2023-12-22,581,143.0,True,1101
300008,6.277056277056281,3.5051546391752675,3.5051546391752675,-2.6000000000000023,True,True,True,True,2023-02-09,5.13,2023-04-24,4.12,2023-05-17,5.24,2023-05-25,4.32,17.56,4.889,2023-06-13,451,438,True,2023-07-06,466,150.0,True,1101
300021,-5.894736842105264,-5.894736842105264,-5.894736842105264,-8.251473477406678,True,True,True,True,2024-12-11,4.82,2025-01-13,3.65,2025-02-24,5.21,2025-04-07,3.96,23.99,4.732,2025-04-23,901,889,True,2025-07-04,949,244.8,True,1101
300025,19.06744379683598,19.06744379683598,19.06744379683598,19.06744379683598,True,True,True,True,2023-02-17,6.27,2023-03-16,5.55,2023-04-28,11.9,2023-05-17,8.9,25.21,10.754,2023-06-02,444,432,True,2023-06-02,444,315.7,True,1101
300027,-5.144694533762051,-5.144694533762051,-5.144694533762051,-5.279503105590077,True,True,True,True,2022-12-13,2.95,2023-02-27,2.41,2023-04-13,3.45,2023-04-27,2.66,22.9,3.148,2023-05-18,433,421,False,,-1,84.8,True,1101
300033,-13.715083798882688,-13.715083798882688,-13.715083798882688,-13.715083798882688,True,True,True,True,2022-12-01,108.68,2023-01-03,94.01,2023-02-16,131.5,2023-03-10,115.01,12.54,125.201,2023-03-28,400,388,True,2023-03-28,400,753.2,True,1101
300036,-10.373443983402487,-10.373443983402487,-10.373443983402487,-10.373443983402487,True,True,True,True,2022-12-13,19.23,2022-12-22,17.48,2023-02-02,22.0,2023-02-27,18.87,14.23,20.804,2023-03-15,391,379,True,2023-03-15,391,234.8,True,1101
300037,3.9888866838658332,3.9888866838658332,3.9888866838658332,4.415483368994355,True,True,True,True,2025-06-26,36.02,2025-07-17,32.69,2025-10-09,54.18,2025-10-20,44.23,18.36,50.379,2025-11-05,1031,1019,True,2025-11-07,1033,239.4,True,1101
300047,-16.80988184747584,-16.80988184747584,-16.80988184747584,-16.80988184747584,True,True,True,True,2025-03-14,17.88,2025-04-09,9.9,2025-05-07,18.49,2025-08-04,15.6,15.63,17.386,2025-08-20,982,970,True,2025-08-20,982,196.5,True,1101
300048,-15.075376884422099,-15.075376884422099,-15.075376884422099,-15.075376884422099,True,True,True,True,2023-04-03,5.7,2023-04-24,5.01,2023-05-18,5.98,2023-06-08,5.25,12.21,5.701,2023-06-28,460,448,True,2023-06-28,460,113.7,True,1101
300049,-8.271144278606958,-8.271144278606958,-8.271144278606958,-8.271144278606958,True,True,True,True,2022-11-02,24.18,2022-12-19,17.9,2023-01-13,31.3,2023-02-13,26.73,14.6,29.554,2023-03-01,381,369,True,2023-03-01,381,193.4,True,1101
300067,-9.810126582278478,-9.810126582278478,-9.810126582278478,-13.884555382215302,True,True,True,True,2024-12-10,6.81,2025-01-13,4.38,2025-02-13,6.88,2025-03-03,5.7,17.15,6.429,2025-03-19,877,865,True,2025-03-20,878,189.8,True,1101
300078,-11.053984575835486,-11.053984575835486,-11.053984575835486,-11.053984575835486,True,True,True,True,2025-05-13,3.84,2025-05-27,3.49,2025-06-09,3.95,2025-06-23,3.5,11.39,3.778,2025-07-09,952,940,True,2025-07-11,954,440.0,True,1101
300094,-0.3802281368821214,-0.3802281368821214,-0.5747126436781436,-17.943925233644865,True,True,True,True,2023-05-12,5.21,2023-06-12,4.41,2023-06-14,5.68,2023-07-06,4.81,15.32,5.348,2023-08-01,484,466,True,2023-08-23,500,401.1,True,1101
300097,1.8796992481203034,1.8796992481203034,1.8796992481203034,1.8796992481203034,True,True,True,True,2023-07-14,7.81,2023-08-29,5.9,2023-09-05,11.31,2023-09-22,8.16,27.85,10.107,2023-10-18,534,522,True,2023-10-18,534,182.5,True,1100
300097,15.52975326560233,15.52975326560233,15.52975326560233,15.52975326560233,True,True,True,True,2025-09-10,6.31,2025-09-23,5.39,2025-11-13,6.65,2025-11-24,5.89,11.43,6.36,2025-12-10,1055,1043,True,2025-12-10,1055,309.2,True,1100
300098,-15.114709851551956,-15.114709851551956,-15.114709851551956,-15.114709851551956,True,True,True,True,2024-07-11,5.19,2024-09-18,3.43,2024-11-06,7.48,2024-11-27,5.61,25.0,6.766,2024-12-13,816,804,True,2024-12-13,816,114.4,True,1101
300100,-8.966861598440545,-8.966861598440545,-8.966861598440545,4.0000000000000036,True,True,True,True,2023-07-31,9.2,2023-08-25,7.8,2023-10-30,11.55,2023-12-21,9.09,21.3,10.61,2024-01-09,592,580,True,2024-06-03,685,173.2,True,1101
300100,20.975940359200273,20.975940359200273,20.975940359200273,20.975940359200273,True,True,True,True,2024-08-01,13.99,2024-08-29,10.74,2024-11-12,25.36,2024-11-27,18.43,27.33,22.713,2024-12-13,816,804,True,2024-12-13,816,919.9,True,1101
300100,76.19366354306113,76.19366354306113,76.19366354306113,76.19366354306113,True,True,True,True,2024-12-10,36.0,2025-01-06,25.43,2025-01-21,40.63,2025-02-17,35.11,13.59,38.521,2025-03-05,867,855,True,2025-03-05,867,852.7,True,1101
300100,-39.27161594295174,-39.27161594295174,-39.27161594295174,-39.27161594295174,True,True,True,True,2025-01-21,40.63,2025-02-17,35.11,2025-03-25,77.77,2025-04-09,48.06,38.2,66.421,2025-04-25,903,891,True,2025-04-25,903,114.2,True,1101
300102,,,,,True,True,True,True,2025-09-01,15.6,2025-10-17,11.32,2025-12-12,28.3,2025-12-24,22.42,20.78,26.054,2026-01-13,1078,1066,True,2026-01-13,1078,414.6,True,1101
300106,1.747572815533971,1.747572815533971,1.747572815533971,1.747572815533971,True,True,True,True,2024-05-24,8.17,2024-08-23,5.55,2024-08-27,10.05,2024-09-18,6.0,40.3,8.503,2024-10-11,771,759,True,2024-10-11,771,185.4,True,1101
300111,5.013192612137196,5.013192612137196,5.013192612137196,5.013192612137196,True,True,True,True,2022-10-18,3.13,2022-10-31,2.83,2022-12-08,3.48,2022-12-29,3.06,12.07,3.32,2023-01-17,355,343,True,2023-01-17,355,364.3,True,1091
300113,-22.8761514841351,-22.8761514841351,-22.8761514841351,-22.8761514841351,True,True,True,True,2023-03-24,17.5,2023-04-27,13.5,2023-05-05,18.44,2023-05-25,13.8,25.16,16.668,2023-06-12,450,438,True,2023-06-12,450,144.8,True,1101
300115,,,,,True,True,True,True,2025-09-25,43.51,2025-11-21,30.69,2025-12-08,45.47,2025-12-18,35.16,22.67,41.532,2026-01-07,1074,1062,True,2026-01-09,1076,110.0,True,1101
300119,-17.79000458505272,-17.79000458505272,-17.79000458505272,-18.644838562983168,True,True,True,True,2022-12-08,21.45,2022-12-30,18.33,2023-02-28,22.85,2023-03-20,20.03,12.34,21.773,2023-04-06,406,394,True,2023-04-21,417,103.5,False,1101
300123,-8.74172185430464,-8.74172185430464,-8.74172185430464,-8.74172185430464,True,True,True,True,2022-12-07,7.0,2023-01-13,5.72,2023-02-02,7.55,2023-02-28,6.69,11.39,7.221,2023-03-16,392,380,True,2023-03-16,392,187.2,True,1101
300127,4.829545454545459,4.829545454545459,4.829545454545459,4.829545454545459,True,True,True,True,2025-05-15,28.23,2025-05-30,23.71,2025-06-11,33.56,2025-08-04,28.2,15.97,31.512,2025-08-20,982,970,True,2025-08-25,985,285.4,True,1091
300127,-22.527607361963188,-22.527607361963188,-22.527607361963188,-22.527607361963188,True,True,True,True,2025-06-11,33.56,2025-08-04,28.2,2025-08-28,36.3,2025-09-04,29.51,18.71,33.706,2025-10-14,1005,993,True,2025-10-14,1005,206.0,True,1091
300130,0.9596928982725572,0.9596928982725572,0.9596928982725572,0.9596928982725572,True,True,True,True,2023-03-17,19.79,2023-04-26,14.96,2023-05-09,24.05,2023-05-24,18.21,24.28,21.819,2023-06-09,449,437,True,2023-06-09,449,223.6,True,1101
300132,-4.49438202247191,-4.49438202247191,-4.49438202247191,-4.49438202247191,True,True,True,True,2024-08-16,3.97,2024-08-23,3.43,2024-10-08,5.5,2024-11-18,4.73,14.0,5.206,2024-12-04,809,797,True,2024-12-04,809,341.6,True,1101
300133,-3.8277511961722577,-3.8277511961722577,-3.8277511961722577,4.701834862385312,True,True,True,True,2024-07-24,6.4,2024-09-18,4.8,2024-10-29,9.4,2024-11-19,7.06,24.89,8.506,2024-12-05,810,798,True,2024-12-13,816,148.3,True,1101
300137,8.3969465648855,8.3969465648855,8.3969465648855,8.3969465648855,True,True,True,True,2025-09-09,7.37,2025-09-18,6.18,2025-10-29,8.65,2025-11-21,7.46,13.76,8.195,2025-12-10,1054,1042,True,2025-12-10,1054,347.9,True,1099
300139,4.65337132003798,4.65337132003798,4.65337132003798,4.65337132003798,True,True,True,True,2023-06-02,9.89,2023-06-28,8.87,2023-08-01,10.62,2023-08-17,9.15,13.84,10.058,2023-09-04,508,496,True,2023-09-08,512,192.5,True,1101
300139,-4.271123491179196,-4.271123491179196,-4.271123491179196,-4.271123491179196,True,True,True,True,2023-08-01,10.62,2023-08-17,9.15,2023-09-14,11.5,2023-09-22,9.86,14.26,10.874,2023-10-18,534,522,True,2023-10-20,536,340.2,True,1101
300141,-19.42110177404295,-19.42110177404295,-19.42110177404295,-19.42110177404295,True,True,True,True,2023-03-27,9.6,2023-04-25,7.77,2023-05-17,9.88,2023-06-12,8.48,14.17,9.345,2023-06-30,462,450,True,2023-06-30,462,212.9,True,1101
300146,-10.94890510948906,-10.94890510948906,-10.94890510948906,-10.94890510948906,True,True,True,True,2023-03-03,23.35,2023-03-20,19.52,2023-04-07,23.8,2023-04-25,21.11,11.3,22.772,2023-05-16,431,419,True,2023-06-14,452,129.0,True,1101
300148,-4.715127701375255,-4.715127701375255,-4.715127701375255,-7.170542635658917,True,True,True,True,2025-05-07,4.83,2025-05-26,4.48,2025-06-04,5.42,2025-06-23,4.57,15.68,5.095,2025-07-09,952,940,True,2025-08-06,972,117.6,True,1101
300153,119.46072684642436,105.95794392523361,164.32552954292086,164.32552954292086,True,True,True,True,2024-07-31,5.93,2024-08-21,5.25,2024-11-13,9.95,2024-11-19,7.62,23.42,9.06,2024-12-12,815,798,True,2024-12-13,816,1834.3,True,1101
300153,21.2186823383854,19.69040247678018,2.159763313609475,-6.808629868310456,True,True,True,True,2025-05-08,34.65,2025-06-03,26.0,2025-06-25,36.68,2025-07-11,29.69,19.06,34.01,2025-08-13,977,954,True,2025-08-18,980,304.6,True,1101
300155,-4.024144869215296,-16.727941176470583,-23.263888888888886,-23.263888888888886,True,True,True,True,2024-08-16,3.91,2024-08-28,3.05,2024-10-08,6.42,2024-11-04,4.56,28.97,5.709,2024-11-29,806,787,True,2024-12-03,808,143.0,True,1101
300161,16.85714285714286,16.85714285714286,16.85714285714286,16.85714285714286,True,True,True,True,2022-12-19,28.26,2023-01-03,22.69,2023-02-23,31.13,2023-03-08,27.0,13.27,29.552,2023-03-24,398,386,True,2023-03-24,398,847.5,True,1101
300161,14.028956565152262,14.028956565152262,-4.520151413938978,-4.520151413938978,True,True,True,True,2023-02-23,31.13,2023-03-08,27.0,2023-04-12,47.8,2023-05-05,36.5,23.64,43.483,2023-06-01,443,424,True,2023-06-12,450,225.7,True,1101
300164,2.7450980392156987,2.7450980392156987,2.7450980392156987,2.7450980392156987,True,True,True,True,2023-06-05,4.64,2023-06-26,4.16,2023-08-07,5.25,2023-08-17,4.44,15.43,4.941,2023-09-04,508,496,True,2023-09-04,508,279.0,True,1101
300165,-27.15654952076678,-27.15654952076678,-23.278688524590162,,True,True,True,False,2023-10-12,6.2,2023-10-23,5.2,2023-11-20,6.58,2023-12-25,5.86,10.94,6.305,2024-01-12,590,577,False,,-1,62.5,True,1090
300166,2.738432483474984,2.738432483474984,-12.903225806451612,-12.903225806451612,True,True,True,True,2025-05-07,10.5,2025-06-23,9.08,2025-06-27,11.53,2025-07-15,9.87,14.4,10.896,2025-08-06,972,956,True,2025-08-06,972,206.0,True,1101
300167,-8.988764044943808,-8.988764044943808,-8.988764044943808,-8.988764044943808,True,True,True,True,2024-09-03,1.93,2024-09-20,1.52,2024-11-08,2.55,2024-11-25,2.0,21.57,2.34,2024-12-11,812,800,True,2024-12-11,812,529.1,True,1098
300167,16.89373297002725,16.89373297002725,16.89373297002725,16.202531645569618,True,True,True,True,2025-01-14,2.95,2025-02-21,2.25,2025-03-18,4.15,2025-04-07,3.05,26.51,3.73,2025-04-23,899,887,True,2025-04-28,902,439.1,True,1098
300168,-24.04795486600847,-24.04795486600847,-26.869806094182824,-26.869806094182824,True,True,True,True,2022-12-06,10.66,2023-01-13,8.07,2023-04-13,16.2,2023-04-27,12.06,25.56,14.619,2023-05-19,434,421,False,,-1,82.4,True,1101
300168,-22.055674518201286,-22.055674518201286,-22.055674518201286,-22.055674518201286,True,True,True,True,2024-07-24,6.66,2024-08-28,4.73,2024-10-09,9.44,2024-11-01,7.29,22.78,8.619,2024-11-20,799,786,True,2024-11-21,800,167.9,True,1101
300176,-8.16944024205749,-8.421052631578952,-18.846153846153847,-18.846153846153847,True,True,True,True,2022-11-09,7.0,2022-12-23,5.39,2023-02-09,7.18,2023-03-14,6.2,13.65,6.806,2023-07-27,481,390,True,2023-07-27,481,164.3,True,1101
300189,,,,,True,True,True,True,2025-07-24,5.47,2025-09-23,4.21,2025-11-21,6.6,2025-12-19,5.3,19.7,6.103,2026-01-08,1067,1055,True,2026-01-08,1067,300.0,True,1093
300192,,,,,True,True,True,True,2025-09-25,20.98,2025-10-13,16.97,2025-11-28,24.68,2025-12-16,18.97,23.14,22.499,2026-01-09,1076,1060,True,2026-01-13,1078,122.6,True,1101
300197,-29.52380952380952,-29.52380952380952,-29.52380952380952,-29.52380952380952,True,True,True,True,2024-08-12,1.67,2024-09-09,1.19,2024-11-08,3.05,2024-11-25,2.24,26.56,2.741,2024-12-11,804,792,True,2024-12-11,804,118.5,True,1091
300221,-15.068493150684926,-15.068493150684926,-15.068493150684926,-12.735849056603776,True,True,True,True,2023-10-11,5.61,2023-10-23,5.04,2023-11-21,6.08,2023-12-27,5.44,10.53,5.836,2024-01-15,596,584,True,2024-04-01,645,260.9,True,1101
300225,25.0,25.0,25.0,25.0,True,True,True,True,2023-05-18,7.44,2023-05-30,6.34,2023-06-16,7.72,2023-06-26,6.85,11.27,7.388,2023-07-12,470,458,True,2023-07-13,471,629.9,True,1060
300231,-8.725490196078422,-8.725490196078422,-8.725490196078422,-8.725490196078422,True,True,True,True,2023-02-10,8.94,2023-02-27,8.35,2023-03-14,10.47,2023-03-31,9.31,11.08,10.027,2023-04-19,415,403,True,2023-04-19,415,403.4,True,1101
300233,-15.602496399423904,-15.602496399423904,-15.602496399423904,-15.602496399423904,True,True,True,True,2025-06-04,17.47,2025-06-20,15.04,2025-07-18,19.7,2025-08-21,17.58,10.76,18.89,2025-09-08,995,983,True,2025-09-08,995,230.7,True,1101
300235,-23.072100313479627,-23.072100313479627,-23.072100313479627,-23.072100313479627,True,True,True,True,2022-12-02,12.76,2022-12-30,10.34,2023-02-10,14.35,2023-03-07,12.17,15.19,13.517,2023-03-23,397,385,True,2023-03-23,397,648.2,True,1101
300235,-6.339285714285703,-6.339285714285703,-6.339285714285703,-3.963133640552996,True,True,True,True,2024-08-07,9.7,2024-08-28,7.4,2024-10-08,12.13,2024-11-04,9.66,20.36,11.186,2024-11-20,799,787,True,2024-11-27,804,203.6,True,1101
300247,-4.838709677419361,-4.838709677419361,-4.838709677419361,-4.838709677419361,True,True,True,True,2022-08-31,3.77,2022-10-11,3.23,2022-10-17,3.79,2022-10-31,3.24,14.51,3.58,2022-11-16,312,300,True,2022-11-16,312,205.5,True,1101
300251,-1.0526315789473606,-1.0526315789473606,-1.0526315789473606,-1.0526315789473606,True,True,True,True,2024-01-15,8.59,2024-02-05,6.5,2024-03-22,10.91,2024-05-30,8.67,20.53,10.054,2024-10-08,768,683,False,,-1,81.2,True,1101
300256,-27.050610820244337,-27.050610820244337,-27.050610820244337,-27.050610820244337,True,True,True,True,2024-08-16,4.08,2024-09-18,2.17,2024-11-05,6.2,2024-11-27,4.25,31.45,5.455,2024-12-13,812,800,True,2024-12-13,812,102.1,True,1097
300266,-15.738498789346245,-15.738498789346245,-15.738498789346245,-13.1764705882353,True,True,True,True,2022-01-13,4.15,2022-01-27,3.38,2022-02-17,4.39,2022-03-15,3.86,12.07,4.188,2022-03-31,160,148,True,2022-07-14,229,107.5,True,1096
300268,8.085977482088037,8.085977482088037,8.085977482088037,8.085977482088037,True,True,True,True,2025-01-16,8.17,2025-02-25,6.82,2025-04-02,9.71,2025-04-09,7.83,19.36,8.992,2025-04-25,900,888,True,2025-04-25,900,222.9,True,1098
300269,-12.909836065573765,-12.909836065573765,-12.909836065573765,-12.909836065573765,True,True,True,True,2022-08-23,4.83,2022-10-11,3.73,2022-11-22,5.06,2022-11-28,4.4,13.04,4.808,2022-12-15,332,320,True,2022-12-15,332,113.6,True,1100
300269,,,,,True,True,True,True,2025-08-22,6.17,2025-10-13,4.51,2025-12-08,8.57,2025-12-24,6.19,27.77,7.661,2026-01-13,1077,1065,True,2026-01-13,1077,142.9,True,1100
300276,19.035532994923866,-10.526315789473673,-10.526315789473673,-10.526315789473673,True,True,True,True,2023-09-27,4.02,2023-10-23,3.45,2023-11-30,4.51,2023-12-27,3.73,17.29,4.212,2024-02-26,620,584,True,2024-02-28,622,187.2,True,1101
300281,-7.024265644955296,-7.024265644955296,-7.024265644955296,-7.024265644955296,True,True,True,True,2024-12-03,7.23,2025-01-06,4.87,2025-04-10,7.55,2025-04-28,5.86,22.38,6.904,2025-05-19,916,904,True,2025-05-19,916,222.5,True,1101
300288,-26.680244399185337,-26.680244399185337,-26.680244399185337,-26.680244399185337,True,True,True,True,2022-12-13,15.6,2023-01-17,10.61,2023-04-13,18.8,2023-04-27,13.5,28.19,16.775,2023-05-18,433,421,True,2023-05-18,433,239.2,True,1101
300288,-28.577336641852767,-28.577336641852767,-28.577336641852767,-28.577336641852767,True,True,True,True,2023-04-13,18.8,2023-04-27,13.5,2023-05-17,25.8,2023-05-25,18.85,26.94,23.145,2023-06-12,450,438,False,,-1,94.1,True,1101
300295,86.58178256611164,86.58178256611164,86.58178256611164,86.58178256611164,True,True,True,True,2024-07-03,9.9,2024-07-25,8.3,2024-08-09,10.43,2024-08-26,8.65,17.07,9.75,2024-09-11,756,744,True,2024-09-18,759,875.8,True,1101
300304,-4.054054054054069,-4.054054054054069,-4.054054054054069,-4.054054054054069,True,True,True,True,2024-06-20,7.04,2024-09-18,5.39,2024-10-09,9.04,2024-11-27,7.74,14.38,8.543,2024-12-13,816,804,True,2024-12-13,816,131.5,True,1101
300311,-19.02173913043479,-19.02173913043479,-19.02173913043479,-28.904109589041095,True,True,True,True,2024-12-12,7.97,2025-01-06,5.14,2025-02-14,8.0,2025-02-28,6.32,21.0,7.358,2025-03-18,876,864,False,,-1,88.1,True,1100
300315,-9.531502423263339,-9.531502423263339,-9.531502423263339,-18.051118210862615,True,True,True,True,2022-11-18,3.8,2022-12-30,3.09,2023-05-08,7.38,2023-05-25,4.96,32.79,6.456,2023-06-12,450,438,True,2023-06-28,460,138.0,True,1101
300315,-16.935483870967737,-16.935483870967737,-16.935483870967737,-16.935483870967737,True,True,True,True,2023-10-11,4.86,2023-10-23,4.21,2023-11-09,5.85,2023-11-30,4.74,18.97,5.426,2023-12-18,577,565,True,2023-12-18,577,185.6,True,1101
300324,,,,,True,True,True,True,2025-10-30,6.3,2025-11-24,5.35,2025-12-08,6.56,2025-12-16,5.66,13.72,6.216,2026-01-06,1068,1055,True,2026-01-09,1071,161.1,True,1096
300327,19.846743295019166,19.846743295019166,16.837107377647918,8.991921320688444,True,True,True,True,2025-07-24,28.51,2025-09-04,23.94,2025-10-24,29.58,2025-11-05,25.89,12.47,28.17,2025-11-25,1044,1030,True,2025-12-01,1048,267.2,True,1100
300329,-8.943089430894325,-14.421553090332795,-14.128728414442705,-11.782945736434103,True,True,True,True,2024-08-06,5.14,2024-08-28,3.71,2024-10-08,6.99,2024-11-04,5.51,21.17,6.425,2024-11-26,803,787,True,2024-12-12,815,181.8,True,1096
300329,-3.551745254133487,-3.551745254133487,-3.551745254133487,-3.551745254133487,True,True,True,True,2025-06-10,8.28,2025-06-23,6.95,2025-09-17,15.45,2025-10-13,12.67,17.99,14.388,2025-10-29,1021,1009,True,2025-10-29,1021,236.7,True,1096
300333,-23.942153186930916,-23.942153186930916,-23.942153186930916,-23.942153186930916,True,True,True,True,2024-10-09,13.46,2024-11-04,9.43,2024-11-12,15.21,2024-11-27,10.25,32.61,13.315,2024-12-13,816,804,True,2024-12-13,816,236.3,True,1101
300337,-8.555399719495094,-8.555399719495094,-8.555399719495094,-8.555399719495094,True,True,True,True,2024-07-11,8.61,2024-07-25,6.68,2024-09-02,10.48,2024-09-18,7.2,31.3,9.227,2024-10-11,771,759,True,2024-10-11,771,444.8,True,1101
300346,,,,,True,True,True,True,2025-10-13,45.88,2025-11-14,36.1,2025-12-15,48.88,2025-12-31,42.62,12.81,46.489,2026-01-20,1075,1063,True,2026-01-20,1075,332.4,True,1093
300353,1.8768046198267552,1.8768046198267552,2.735124760076779,-10.866752910737388,True,True,True,True,2024-11-11,15.25,2025-01-13,10.18,2025-03-19,24.33,2025-04-09,16.7,31.36,21.415,2025-04-30,906,891,True,2025-05-07,908,158.3,True,1092
300358,-3.2461677186654603,-3.2461677186654603,-3.2461677186654603,-3.2461677186654603,True,True,True,True,2025-08-12,9.07,2025-09-04,7.98,2025-09-18,9.78,2025-10-23,8.65,11.55,9.348,2025-11-10,1034,1022,True,2025-11-10,1034,446.0,True,1101
300368,-7.506053268765134,-8.363201911589002,-7.038834951456307,,True,True,True,False,2023-06-13,7.25,2023-06-28,6.34,2023-08-08,9.28,2023-08-21,7.5,19.18,8.6,2023-10-17,533,498,False,,-1,62.9,True,1099
300369,-11.68730650154799,-11.68730650154799,-11.68730650154799,-11.68730650154799,True,True,True,True,2022-11-18,12.57,2022-12-28,9.58,2023-02-16,13.08,2023-02-24,11.5,12.08,12.476,2023-03-14,390,378,True,2023-03-14,390,457.0,True,1101
300373,-19.753086419753085,-19.753086419753085,-19.753086419753085,-19.753086419753085,True,True,True,True,2024-05-10,39.6,2024-05-27,34.94,2024-06-17,42.34,2024-07-05,35.68,15.73,39.796,2024-07-23,720,708,True,2024-07-23,720,282.3,True,1091
300374,4.404291360813084,4.404291360813084,4.404291360813084,4.404291360813084,True,True,True,True,2023-02-13,15.04,2023-02-28,12.89,2023-03-07,18.1,2023-03-30,13.53,25.25,16.354,2023-04-18,414,402,True,2023-04-18,414,218.2,True,1101
300378,-8.451443569553806,5.627987831377657,5.627987831377657,5.627987831377657,True,True,True,True,2024-12-09,33.46,2025-01-13,22.35,2025-02-17,45.8,2025-02-28,33.97,25.83,41.281,2025-07-15,956,864,True,2025-07-15,956,278.6,True,1101
300383,-13.905133203378817,-13.905133203378817,-13.905133203378817,-16.31116687578419,True,True,True,True,2025-05-07,15.51,2025-06-23,12.27,2025-07-16,16.44,2025-08-01,14.06,14.48,15.531,2025-08-19,981,969,True,2025-08-25,985,201.7,True,1101
300386,-15.777899945024743,-15.777899945024743,-15.769644779332603,-15.808444902162721,True,True,True,True,2024-10-09,19.79,2024-11-04,13.38,2024-11-15,22.0,2024-11-27,14.39,34.59,19.093,2024-12-16,817,804,True,2024-12-20,821,134.7,True,1101
300387,-6.391752577319576,-6.391752577319576,-6.391752577319576,-6.391752577319576,True,True,True,True,2025-05-20,8.96,2025-05-26,8.2,2025-06-13,9.6,2025-06-23,8.37,12.81,9.13,2025-07-09,952,940,True,2025-07-09,952,154.5,True,1101
300389,8.040201005025116,8.040201005025116,9.517923362175518,3.114186851211076,True,True,True,True,2023-09-07,16.46,2023-09-21,14.87,2023-10-09,16.75,2023-11-02,15.06,10.09,16.104,2023-12-28,585,545,True,2023-12-29,586,289.3,True,1101
300395,-5.172054223149125,-5.172054223149125,-5.172054223149125,-5.172054223149125,True,True,True,True,2025-01-17,41.26,2025-02-18,34.97,2025-03-12,50.05,2025-04-07,42.22,15.64,47.059,2025-04-23,901,889,True,2025-05-07,908,847.6,True,1101
300398,-3.2753326509723624,-3.2753326509723624,-3.2753326509723624,-4.632824051256767,True,True,True,True,2025-02-27,17.03,2025-04-09,14.29,2025-04-14,21.0,2025-04-29,17.41,17.1,19.629,2025-05-20,917,905,True,2025-05-30,925,295.0,True,1101
300402,-9.159919028340092,-9.159919028340092,-9.159919028340092,-9.159919028340092,True,True,True,True,2025-05-08,18.2,2025-05-23,16.64,2025-05-30,19.31,2025-06-23,16.93,12.33,18.401,2025-07-09,952,940,True,2025-07-09,952,500.8,True,1101
300403,-23.529411764705877,-23.529411764705877,-23.529411764705877,-23.529411764705877,True,True,True,True,2023-03-27,7.68,2023-04-25,6.43,2023-05-22,8.54,2023-06-09,7.26,14.99,8.051,2023-06-29,461,449,True,2023-06-29,461,300.0,True,1101
300404,10.0622406639004,10.0622406639004,10.0622406639004,9.567901234567898,True,True,True,True,2025-04-24,9.45,2025-04-29,7.83,2025-06-10,10.14,2025-06-23,8.51,16.07,9.517,2025-07-09,952,940,True,2025-07-16,957,284.7,True,1101
300414,10.00926784059315,10.00926784059315,10.00926784059315,10.00926784059315,True,True,True,True,2023-04-10,9.8,2023-04-25,8.14,2023-06-15,10.18,2023-06-28,9.16,10.02,9.79,2023-07-14,472,460,True,2023-07-14,472,314.7,True,1101
300417,-38.80478087649403,-36.80124223602485,-36.80124223602485,,True,True,True,False,2023-08-29,13.19,2023-10-23,10.53,2023-12-04,13.58,2023-12-08,11.7,13.84,12.862,2024-01-02,587,571,False,,-1,71.3,True,1101
300417,-2.3255813953488413,-2.3255813953488413,-2.3255813953488413,-2.3255813953488413,True,True,True,True,2025-09-17,13.55,2025-10-13,11.81,2025-11-17,14.66,2025-11-21,12.41,15.35,13.8,2025-12-09,1055,1043,False,,-1,93.3,True,1101
300419,2.9027576197387495,2.9027576197387495,2.9027576197387495,2.9027576197387495,True,True,True,True,2023-06-15,6.86,2023-06-28,5.88,2023-07-14,7.15,2023-07-28,6.09,14.83,6.745,2023-08-15,484,472,True,2023-08-17,486,205.7,True,1088
300419,3.0555555555555447,0.9602194787380114,-21.456953642384114,-26.769626769626765,True,True,True,True,2023-07-14,7.15,2023-07-28,6.09,2023-08-28,8.27,2023-08-29,6.5,21.4,7.594,2023-11-08,539,494,False,,-1,83.1,True,1088
300420,,,,,True,True,True,True,2025-11-05,4.29,2025-11-24,3.84,2025-12-03,4.43,2025-12-17,3.85,13.09,4.208,2026-01-07,1069,1056,True,2026-01-13,1073,120.7,True,1096
300421,-19.80252331321998,-19.80252331321998,-19.80252331321998,-19.80252331321998,True,True,True,True,2024-12-05,15.12,2025-01-06,10.03,2025-02-26,17.8,2025-03-13,14.0,21.35,16.348,2025-03-31,885,873,True,2025-03-31,885,147.1,True,1101
300425,-11.9402985074627,-11.9402985074627,-11.9402985074627,-11.9402985074627,True,True,True,True,2023-06-09,5.44,2023-06-26,4.65,2023-07-19,5.59,2023-08-14,4.86,13.06,5.311,2023-08-30,505,493,True,2024-01-31,608,172.6,True,1101
300433,-11.134969325153376,-11.134969325153376,-11.134969325153376,-11.134969325153376,True,True,True,True,2025-07-03,24.75,2025-08-04,22.05,2025-09-08,34.05,2025-09-11,28.2,17.18,31.815,2025-09-29,1010,998,True,2025-10-09,1012,260.5,True,1101
300433,,,,,True,True,True,True,2025-11-07,32.22,2025-11-21,25.85,2025-12-11,32.78,2025-12-30,27.92,14.83,30.923,2026-01-19,1082,1070,True,2026-01-19,1082,302.1,True,1101
300442,-5.114579873796076,-5.114579873796076,-5.114579873796076,-5.114579873796076,True,True,True,True,2024-10-08,38.46,2024-11-25,30.41,2024-12-20,61.88,2025-01-08,46.66,24.6,56.066,2025-01-24,845,833,True,2025-01-27,846,184.9,True,1096
300451,-2.997858672376863,-2.997858672376863,-2.997858672376863,-2.997858672376863,True,True,True,True,2022-12-13,9.2,2022-12-22,7.28,2023-01-31,9.72,2023-02-20,8.37,13.89,9.204,2023-03-08,386,374,True,2023-03-13,389,250.4,True,1096
300454,-26.342110019883116,-26.342110019883116,-26.342110019883116,-26.342110019883116,True,True,True,True,2022-11-01,137.56,2022-12-20,101.82,2023-01-30,163.65,2023-03-20,132.0,19.34,151.56,2023-04-06,406,394,True,2023-04-06,406,112.2,True,1101
300464,40.568475452196395,40.568475452196395,40.568475452196395,40.568475452196395,True,True,True,True,2024-07-11,3.75,2024-07-25,3.24,2024-08-19,4.09,2024-08-28,3.3,19.32,3.788,2024-09-13,758,746,True,2024-09-13,758,583.5,True,1101
300464,-3.676470588235292,-3.676470588235292,-3.676470588235292,-3.676470588235292,True,True,True,True,2024-08-19,4.09,2024-08-28,3.3,2024-10-08,5.8,2024-11-01,4.55,21.55,5.322,2024-11-19,798,786,True,2024-11-21,800,268.8,True,1101
300466,0.2865329512893977,-11.693548387096776,-11.693548387096776,-13.333333333333341,True,True,True,True,2023-07-04,7.49,2023-08-25,5.76,2023-09-26,8.39,2023-10-27,6.24,25.63,7.569,2023-11-20,557,541,True,2023-12-14,575,231.6,True,1101
300466,14.606741573033698,1.4176663031624903,1.4176663031624903,-26.247504990019966,True,True,True,True,2023-12-14,9.3,2024-02-02,4.61,2024-03-18,11.22,2024-06-26,5.55,50.53,9.054,2024-10-08,768,701,False,,-1,87.3,True,1101
300467,-16.23978201634878,-16.23978201634878,-16.23978201634878,-26.945525291828787,True,True,True,True,2023-02-16,15.17,2023-04-24,13.17,2023-05-10,20.59,2023-05-25,15.54,24.53,18.661,2023-06-12,450,438,True,2023-06-29,461,120.6,True,1101
300467,1.3766730401529648,1.3766730401529648,1.3766730401529648,1.3766730401529648,True,True,True,True,2025-06-03,21.47,2025-06-23,17.95,2025-08-20,26.5,2025-09-05,21.88,17.43,24.735,2025-09-23,1006,994,True,2025-09-23,1006,327.1,True,1101
300476,2.8240190249702923,2.8240190249702923,2.8240190249702923,2.8240190249702923,True,True,True,True,2024-03-18,28.39,2024-04-22,22.78,2024-05-08,31.49,2024-05-30,26.4,16.16,29.546,2024-06-18,695,683,True,2024-06-18,695,533.0,True,1101
300476,48.01508891683133,48.01508891683133,48.01508891683133,37.67611758566707,True,True,True,True,2024-10-21,53.53,2024-11-25,36.59,2025-01-23,61.28,2025-02-05,43.37,29.23,54.438,2025-02-21,859,847,True,2025-03-07,869,1086.7,True,1101
300478,-13.80107941403239,-13.80107941403239,-13.80107941403239,-13.80107941403239,True,True,True,True,2023-09-01,11.45,2023-10-23,10.33,2023-12-04,13.33,2023-12-27,11.64,12.68,12.684,2024-01-15,596,584,False,,-1,95.3,True,1099
300487,-32.720743557245456,-32.720743557245456,-32.720743557245456,-32.720743557245456,True,True,True,True,2023-04-21,99.12,2023-04-26,77.68,2023-05-15,99.98,2023-05-31,89.6,10.38,96.015,2023-06-16,454,442,True,2023-06-16,454,108.9,True,1101
300490,3.2948929159802187,2.5039123630672844,2.5039123630672844,3.1866464339908918,True,True,True,True,2025-07-24,11.44,2025-08-28,8.7,2025-10-14,14.65,2025-10-23,10.67,27.17,13.13,2025-11-17,1039,1022,True,2025-11-28,1048,194.7,True,1101
300493,22.549019607843146,22.549019607843146,22.549019607843146,22.549019607843146,True,True,True,True,2024-06-21,8.53,2024-07-18,6.68,2024-09-02,9.54,2024-09-10,8.05,15.62,8.971,2024-09-30,767,755,True,2024-09-30,767,1842.3,True,1101
300494,-59.95469418575383,-59.95469418575383,-59.95469418575383,-62.70750526069675,True,True,True,True,2023-01-04,15.69,2023-02-28,16.13,2023-04-28,46.1,2023-05-15,32.78,28.89,41.012,2023-05-31,442,430,True,2023-06-20,456,138.8,True,1101
300502,-36.552567237163814,-36.552567237163814,-36.552567237163814,-36.552567237163814,True,True,True,True,2023-02-10,34.85,2023-03-16,29.5,2023-04-20,83.3,2023-05-16,58.49,29.78,73.823,2023-06-01,443,431,True,2023-06-01,443,105.6,True,1101
300504,-10.782608695652174,-18.02832244008714,-18.02832244008714,-12.56684491978608,True,True,True,True,2024-08-19,17.88,2024-09-18,11.88,2024-10-08,19.6,2024-11-04,15.6,20.41,18.072,2024-11-29,806,787,True,2024-12-20,821,140.0,True,1101
300509,5.670103092783507,5.670103092783507,5.670103092783507,5.670103092783507,True,True,True,True,2025-08-12,10.29,2025-09-23,8.58,2025-10-27,12.07,2025-11-21,10.31,14.58,11.398,2025-12-09,1055,1043,True,2025-12-09,1055,380.1,True,1101
300515,-15.731225296442686,-15.731225296442686,-15.731225296442686,-15.731225296442686,True,True,True,True,2025-05-13,16.6,2025-05-23,15.31,2025-06-03,20.3,2025-06-20,17.13,15.62,19.089,2025-07-08,951,939,True,2025-07-08,951,328.4,True,1101
300518,5.054151624548742,5.054151624548742,5.054151624548742,5.054151624548742,True,True,True,True,2025-01-17,12.88,2025-04-09,7.6,2025-06-05,14.23,2025-06-23,11.9,16.37,13.34,2025-07-09,952,940,True,2025-07-09,952,346.8,True,1101
300528,-11.449579831932777,-11.449579831932777,-11.449579831932777,-5.705394190871371,True,True,True,True,2024-08-08,8.6,2024-08-28,6.04,2024-10-08,10.41,2024-11-04,7.86,24.5,9.436,2024-11-20,799,787,True,2024-12-02,807,183.9,True,1101
300533,9.61234177215189,-2.89455547898001,-2.89455547898001,-2.89455547898001,True,True,True,True,2022-02-21,19.15,2022-04-11,15.9,2022-05-05,29.67,2022-05-25,23.76,19.92,27.412,2022-06-16,209,194,True,2022-06-16,209,171.4,True,1101
300533,-18.932819029251046,-18.932819029251046,-18.932819029251046,-18.932819029251046,True,True,True,True,2022-05-05,29.67,2022-05-25,23.76,2022-06-16,29.98,2022-07-12,24.72,17.55,27.971,2022-07-28,239,227,True,2022-07-28,239,174.3,True,1101
300537,-12.69365317341331,-12.69365317341331,-12.69365317341331,-12.69365317341331,True,True,True,True,2024-08-30,16.04,2024-09-13,14.0,2024-10-08,22.16,2024-11-18,17.89,19.27,20.529,2024-12-04,809,797,True,2025-02-26,862,104.4,True,1101
300546,-8.546543277082197,-8.546543277082197,-8.546543277082197,-5.384213277574479,True,True,True,True,2024-07-16,15.79,2024-08-23,10.48,2024-10-08,19.8,2024-11-01,15.57,21.36,18.184,2024-11-19,798,786,True,2024-11-26,803,190.1,True,1101
300549,10.085836909871237,10.085836909871237,10.085836909871237,10.085836909871237,True,True,True,True,2023-03-28,14.87,2023-04-25,11.8,2023-05-23,22.3,2023-06-08,16.61,25.52,20.126,2023-06-28,460,448,True,2023-06-28,460,305.6,True,1101
300551,-19.93846153846154,-19.93846153846154,-19.93846153846154,-19.93846153846154,True,True,True,True,2022-10-18,11.77,2022-11-15,10.42,2022-12-12,13.99,2022-12-21,11.21,19.87,12.928,2023-01-09,349,337,True,2023-01-09,349,470.9,True,1096
300551,6.336456938866575,6.336456938866575,6.336456938866575,6.336456938866575,True,True,True,True,2023-02-08,18.36,2023-03-20,11.98,2023-05-29,21.45,2023-06-07,18.88,11.98,20.468,2023-06-27,459,447,True,2023-06-27,459,424.9,True,1096
300551,,,,,True,True,True,True,2025-09-25,14.1,2025-10-17,11.35,2025-11-13,14.47,2025-12-04,12.43,14.1,13.691,2025-12-29,1064,1052,True,2025-12-29,1064,321.1,True,1096
300553,-15.234963693656667,-15.234963693656667,-15.234963693656667,-15.234963693656667,True,True,True,True,2022-11-04,61.0,2022-12-07,51.02,2022-12-14,67.79,2023-01-17,55.99,17.41,63.282,2023-02-09,367,355,True,2023-02-09,367,190.3,True,1101
300555,14.756097560975622,10.33681765389083,13.672316384180805,13.993541442411207,True,True,True,True,2024-10-29,9.02,2024-11-19,6.81,2024-12-06,9.9,2024-12-25,7.48,24.44,8.976,2025-02-19,856,823,True,2025-03-14,873,184.7,True,1100
300559,-24.750192159877027,-24.750192159877027,-24.750192159877027,-24.750192159877027,True,True,True,True,2022-01-18,9.68,2022-01-27,7.96,2022-02-23,10.49,2022-03-09,8.21,21.73,9.619,2022-03-25,156,144,True,2022-03-25,156,240.4,True,1101
300559,-19.8364008179959,-19.8364008179959,-19.8364008179959,-19.8364008179959,True,True,True,True,2023-03-23,13.39,2023-04-11,11.11,2023-05-10,21.4,2023-05-25,15.24,28.79,19.047,2023-06-12,450,438,True,2023-06-14,452,106.5,True,1101
300561,115.4459753444525,115.4459753444525,115.4459753444525,115.4459753444525,True,True,True,True,2024-07-31,8.98,2024-08-28,7.38,2024-10-09,28.0,2024-11-01,17.38,37.93,23.943,2024-11-19,795,783,True,2024-11-20,796,481.7,True,1097
300563,-11.633602743081074,-11.633602743081074,-18.12142038946162,-18.12142038946162,True,True,True,True,2025-07-04,42.3,2025-08-04,36.93,2025-08-29,43.86,2025-09-04,38.01,13.34,41.625,2025-09-23,1006,993,True,2025-09-23,1006,230.6,True,1101
300564,-4.708249496981898,-9.108678655199364,-9.108678655199364,,True,True,True,False,2021-12-07,24.47,2022-01-25,20.7,2022-02-25,28.2,2022-03-16,24.56,12.91,26.81,2022-04-11,165,149,False,,-1,76.4,True,1101
300568,-0.7797270955165803,-0.7797270955165803,-0.7797270955165803,-0.7797270955165803,True,True,True,True,2025-06-27,14.12,2025-08-04,11.48,2025-10-09,15.15,2025-10-23,12.05,20.46,13.966,2025-11-10,1034,1022,True,2025-11-10,1034,215.2,True,1101
300573,-19.696752968101848,-19.696752968101848,-19.696752968101848,-19.696752968101848,True,True,True,True,2023-01-11,163.87,2023-03-01,116.8,2023-05-17,209.7,2023-06-09,175.83,16.15,196.762,2023-06-29,461,449,True,2023-06-29,461,147.6,True,1101
300579,-9.817964786630851,-9.817964786630851,-9.817964786630851,-9.817964786630851,True,True,True,True,2022-12-07,28.66,2022-12-30,23.73,2023-02-07,29.12,2023-02-27,26.19,10.06,28.001,2023-03-15,391,379,True,2023-03-15,391,503.1,True,1101
300579,-10.876042908224083,-10.876042908224083,-10.876042908224083,-10.876042908224083,True,True,True,True,2024-07-03,27.5,2024-08-28,18.35,2024-10-29,33.88,2024-11-27,26.13,22.87,30.92,2024-12-13,816,804,True,2024-12-13,816,107.7,True,1101
300592,-7.4779541446208135,-7.4779541446208135,-7.4779541446208135,-19.16223819943732,True,True,True,True,2023-02-06,19.54,2023-03-16,16.9,2023-05-04,30.82,2023-05-16,22.96,25.5,27.817,2023-06-01,443,431,True,2023-06-02,444,134.6,True,1101
300593,0.449293966623876,0.449293966623876,0.449293966623876,0.449293966623876,True,True,True,True,2022-06-24,44.0,2022-08-02,38.44,2022-08-23,49.88,2022-08-31,42.59,14.62,47.095,2022-09-19,275,263,True,2022-09-23,279,158.0,True,1101
300593,8.53383458646617,8.53383458646617,8.53383458646617,8.53383458646617,True,True,True,True,2025-09-01,22.72,2025-09-10,16.74,2025-10-30,27.89,2025-11-21,20.5,26.5,25.067,2025-12-09,1055,1043,True,2025-12-18,1062,236.7,True,1101
300593,,,,,True,True,True,True,2025-10-30,27.89,2025-11-21,20.5,2025-12-03,28.85,2025-12-23,24.03,16.71,27.009,2026-01-12,1077,1065,True,2026-01-12,1077,268.7,True,1101
300596,1.1722080136402413,1.1722080136402413,1.1722080136402413,1.1722080136402413,True,True,True,True,2022-01-13,47.0,2022-02-11,40.54,2022-03-02,48.29,2022-03-16,40.8,15.51,45.429,2022-04-01,161,149,True,2022-04-08,164,282.1,True,1101
300606,1.4091858037578175,1.4091858037578175,1.4091858037578175,1.4091858037578175,True,True,True,True,2023-02-15,16.18,2023-03-16,13.0,2023-05-08,17.68,2023-05-30,15.25,13.74,16.752,2023-06-15,453,441,True,2023-06-15,453,1086.0,True,1101
300608,-21.048182586644128,-21.048182586644128,-21.048182586644128,-21.048182586644128,True,True,True,True,2022-11-18,9.55,2022-12-23,7.95,2023-02-10,11.7,2023-03-07,10.04,14.19,11.066,2023-03-23,397,385,True,2023-03-23,397,136.1,True,1101
300612,-3.2365540218943556,-4.26303854875284,-6.536541080344993,-10.839160839160844,True,True,True,True,2023-01-05,20.44,2023-01-19,17.81,2023-02-14,24.1,2023-02-27,19.87,17.55,22.484,2023-03-20,394,379,True,2023-03-22,396,261.9,True,1101
300619,13.839982170715404,13.839982170715404,13.839982170715404,13.839982170715404,True,True,True,True,2025-09-12,40.0,2025-10-13,31.5,2025-10-28,47.68,2025-11-24,40.22,15.65,44.83,2025-12-10,1056,1044,True,2025-12-11,1057,226.0,True,1101
300621,-6.542882404951367,-6.542882404951367,-6.542882404951367,-7.705334462320068,True,True,True,True,2023-06-08,10.33,2023-06-26,9.3,2023-07-27,11.96,2023-08-14,10.2,14.72,11.288,2023-08-30,505,493,True,2023-09-07,511,144.9,True,1101
300622,19.472247497725203,2.4911770811708367,-18.545797922568465,-28.432782171099923,True,True,True,True,2024-08-16,37.81,2024-09-18,22.22,2024-11-15,58.76,2024-12-18,41.83,28.81,52.293,2025-02-06,848,819,True,2025-02-25,861,104.4,True,1101
300626,-8.882235528942106,-12.037914691943142,-17.743324720068898,-17.743324720068898,True,True,True,True,2024-08-22,9.2,2024-08-26,7.07,2024-10-08,11.78,2024-11-04,9.25,21.48,10.814,2024-12-03,808,787,True,2024-12-03,808,134.8,True,1101
300649,-26.045939294503683,-26.045939294503683,-26.045939294503683,-27.562824092540883,True,True,True,True,2023-03-10,24.62,2023-04-26,16.84,2023-05-26,26.39,2023-07-17,20.41,22.66,24.106,2023-09-01,507,473,True,2023-09-07,511,130.6,True,1101
300650,2.0129403306973437,2.0129403306973437,2.0129403306973437,2.0129403306973437,True,True,True,True,2024-12-04,13.76,2025-01-13,10.28,2025-03-14,14.72,2025-04-09,10.91,25.88,13.265,2025-04-25,903,891,True,2025-04-28,904,317.1,True,1101
300654,-47.208480565371026,-47.208480565371026,-47.208480565371026,-47.208480565371026,True,True,True,True,2023-10-11,13.03,2023-10-23,9.05,2023-11-09,14.3,2023-11-27,11.1,22.38,13.078,2023-12-13,574,562,True,2023-12-13,574,122.8,True,1101
300669,-19.83372921615202,-28.493746601413818,-28.493746601413818,-23.41974949024177,True,True,True,True,2025-06-16,29.25,2025-06-27,25.88,2025-08-21,38.83,2025-09-09,32.57,16.12,36.439,2025-11-05,1031,996,True,2025-11-06,1032,102.4,True,1101
300673,-5.418994413407818,-5.418994413407818,-5.418994413407818,-5.418994413407818,True,True,True,True,2024-09-04,12.88,2024-09-18,11.36,2024-11-12,17.22,2024-11-27,14.47,15.97,16.17,2024-12-13,816,804,True,2024-12-13,816,240.7,True,1101
300684,,,,,True,True,True,True,2025-10-30,51.85,2025-11-24,38.7,2025-12-25,55.14,2026-01-14,46.7,15.31,51.916,2026-01-30,1091,1079,True,2026-01-30,1091,145.3,True,1101
300687,9.195402298850585,9.195402298850585,9.195402298850585,9.195402298850585,True,True,True,True,2022-08-08,27.54,2022-09-14,22.43,2022-11-01,30.79,2022-11-14,27.0,12.31,29.342,2022-11-30,322,310,True,2022-11-30,322,439.3,True,1101
300687,-21.194114318053202,-21.194114318053202,-30.75501583949314,-30.75501583949314,True,True,True,True,2022-12-05,33.61,2022-12-23,27.82,2023-02-07,39.6,2023-02-20,31.17,21.29,36.38,2023-03-20,394,374,True,2023-03-20,394,148.0,True,1101
300695,-17.97866470480044,-17.97866470480044,-17.97866470480044,-16.259259259259263,True,True,True,True,2025-05-16,104.85,2025-06-18,54.21,2025-08-25,117.7,2025-09-04,92.0,21.84,107.883,2025-09-22,1005,993,True,2025-10-14,1015,120.6,True,1101
300696,,,,,True,True,True,True,2025-10-16,27.78,2025-10-23,24.33,2025-11-24,28.12,2025-12-03,24.8,11.81,26.852,2025-12-19,1063,1051,True,2025-12-25,1067,319.3,True,1101
300700,-15.854738706820193,-15.854738706820193,-15.854738706820193,-15.854738706820193,True,True,True,True,2022-03-24,21.6,2022-04-27,14.85,2022-06-27,34.25,2022-07-20,27.14,20.76,31.534,2022-08-05,245,233,True,2022-08-05,245,204.8,True,1101
300705,-34.4157572531275,-34.4157572531275,-34.4157572531275,-34.4157572531275,True,True,True,True,2023-12-08,37.88,2024-02-02,27.68,2024-03-28,39.0,2024-04-23,33.08,15.18,36.739,2024-05-14,671,659,False,,-1,82.1,True,1101
300706,-10.278113663845211,-10.838607594936711,-8.04321728691476,-2.16396171452351,True,True,True,True,2024-07-17,20.36,2024-09-18,16.6,2024-10-09,28.1,2024-11-04,22.6,19.57,25.999,2024-12-04,809,787,True,2024-12-25,824,114.2,True,1101
300715,-7.711651299245603,-7.711651299245603,-7.711651299245603,-7.711651299245603,True,True,True,True,2025-06-09,10.56,2025-06-23,9.3,2025-08-25,12.7,2025-09-04,10.17,19.92,11.734,2025-09-22,1005,993,True,2025-09-24,1007,124.9,True,1101
300719,-7.158196134574091,-7.158196134574091,-7.158196134574091,-7.158196134574091,True,True,True,True,2023-09-08,13.44,2023-09-26,11.66,2023-11-20,14.14,2023-12-21,12.59,10.96,13.548,2024-01-16,597,580,True,2024-01-16,597,870.3,True,1101
300720,13.886342804766283,13.886342804766283,6.740576496674056,2.0408163265306145,True,True,True,True,2025-06-05,23.0,2025-06-20,19.86,2025-06-27,23.43,2025-07-15,20.8,11.22,22.425,2025-08-04,970,956,True,2025-08-06,972,663.5,True,1101
300723,23.488934350009295,12.651988169569517,12.651988169569517,-1.412520064205447,True,True,True,True,2025-04-15,42.42,2025-05-12,34.1,2025-06-10,65.7,2025-06-26,46.6,29.07,58.404,2025-07-15,956,943,True,2025-07-17,958,182.6,True,1101
300726,-2.676091895985866,-2.676091895985866,-2.676091895985866,-2.676091895985866,True,True,True,True,2025-05-12,40.88,2025-06-23,32.24,2025-08-28,40.98,2025-09-04,33.41,18.47,38.088,2025-09-22,1005,993,True,2025-10-09,1012,364.2,True,1101
300726,19.233433387208485,19.233433387208485,19.233433387208485,19.233433387208485,True,True,True,True,2025-08-28,40.98,2025-09-04,33.41,2025-09-18,41.95,2025-10-22,36.82,12.23,39.99,2025-11-07,1033,1021,True,2025-11-07,1033,471.0,True,1101
300731,,,,,True,True,True,True,2025-09-23,54.88,2025-10-13,39.9,2025-12-26,62.6,2026-01-13,50.2,19.81,57.863,2026-01-29,1090,1078,True,2026-01-29,1090,181.2,True,1101
300750,40.14274899967556,40.14274899967556,26.350512770265855,26.350512770265855,True,True,True,True,2025-05-21,279.99,2025-06-23,238.03,2025-07-30,292.2,2025-08-12,257.72,11.8,279.029,2025-08-29,989,976,True,2025-08-29,989,483.3,True,1101
300756,-15.774697315318475,-15.774697315318475,-15.774697315318475,,True,True,True,True,2025-06-27,29.99,2025-07-21,24.01,2025-10-15,60.27,2025-11-21,51.69,14.24,56.992,2025-12-09,1055,1043,True,2025-12-25,1067,119.9,True,1101
300758,-0.07575757575757347,-0.07575757575757347,-0.07575757575757347,-0.07575757575757347,True,True,True,True,2024-07-15,11.59,2024-08-23,9.67,2024-09-06,11.99,2024-09-20,9.86,17.76,11.176,2024-10-15,773,761,True,2024-10-15,773,293.0,True,1101
300771,12.593144560357672,8.36940836940836,8.37473385379701,8.37473385379701,True,True,True,True,2025-08-21,14.48,2025-10-13,11.66,2025-10-28,14.68,2025-11-21,12.75,13.15,13.943,2025-12-11,1057,1043,True,2025-12-16,1060,300.5,True,1101
300772,-15.663474692202461,-15.663474692202461,-15.663474692202461,-15.663474692202461,True,True,True,True,2024-07-26,12.47,2024-09-24,9.12,2024-11-06,15.77,2024-11-22,12.33,21.81,14.456,2024-12-10,807,795,False,,-1,90.4,True,1095
300779,18.649214659685875,18.649214659685875,18.649214659685875,18.649214659685875,True,True,True,True,2024-06-21,55.54,2024-08-19,35.25,2024-11-12,96.75,2024-11-27,79.3,18.04,90.084,2024-12-13,816,804,True,2024-12-13,816,587.5,True,1101
300779,-14.1437211859747,-14.1437211859747,-14.1437211859747,-14.1437211859747,True,True,True,True,2025-04-16,151.58,2025-04-29,123.0,2025-06-06,181.82,2025-06-23,162.0,10.9,174.249,2025-07-09,952,940,True,2025-07-09,952,452.3,True,1101
300781,-14.905841046919877,-14.905841046919877,-14.905841046919877,-14.905841046919877,True,True,True,True,2022-11-24,21.41,2022-12-22,17.0,2023-02-20,32.74,2023-03-16,25.45,22.27,29.955,2023-04-03,404,392,True,2023-05-12,429,102.6,True,1097
300783,-16.166618118263898,-16.166618118263898,-16.166618118263898,-16.166618118263898,True,True,True,True,2024-08-30,18.2,2024-09-18,15.51,2024-11-11,35.56,2024-11-25,27.51,22.64,32.485,2024-12-11,814,802,True,2024-12-12,815,190.9,True,1101
300785,,,,,True,True,True,True,2025-09-19,43.85,2025-10-23,31.88,2025-11-25,54.88,2025-12-17,38.33,30.16,48.558,2026-01-09,1076,1061,True,2026-01-12,1077,275.3,True,1101
300790,18.7872763419483,18.7872763419483,18.7872763419483,18.7872763419483,True,True,True,True,2024-10-08,19.16,2024-11-27,15.51,2024-12-23,21.18,2025-01-06,17.71,16.38,19.854,2025-01-22,843,831,True,2025-01-23,844,449.3,True,1101
300809,-33.79882996791848,-33.79882996791848,-33.79882996791848,-33.79882996791848,True,True,True,True,2024-12-20,39.98,2025-01-08,26.2,2025-02-26,42.12,2025-03-14,34.6,17.85,39.247,2025-04-01,881,869,True,2025-04-01,881,284.6,True,1096
300812,3.5257518147251865,3.5257518147251865,3.5257518147251865,3.5257518147251865,True,True,True,True,2025-08-26,26.11,2025-10-17,21.99,2025-11-10,29.24,2025-11-21,22.11,24.38,26.516,2025-12-09,1055,1043,True,2025-12-09,1055,208.6,True,1101
300822,12.534818941504188,12.534818941504188,12.534818941504188,12.534818941504188,True,True,True,True,2022-11-21,17.36,2022-12-23,14.25,2023-03-01,17.93,2023-03-08,15.81,11.82,17.12,2023-03-24,398,386,True,2023-03-24,398,268.4,True,1101
300824,-9.637404580152664,-9.637404580152664,-9.637404580152664,-9.637404580152664,True,True,True,True,2024-07-29,9.33,2024-08-23,6.81,2024-10-08,10.63,2024-11-04,8.51,19.94,9.82,2024-11-20,799,787,True,2024-11-20,799,256.6,True,1101
300824,-10.81081081081081,-10.81081081081081,-13.902205177372961,-13.902205177372961,True,True,True,True,2024-10-08,10.63,2024-11-04,8.51,2024-11-20,11.36,2024-11-27,8.75,22.98,10.363,2024-12-20,821,804,True,2024-12-20,821,219.2,True,1101
300824,7.3409461663947795,-0.1537279016141424,-0.1537279016141424,2.414330218068539,True,True,True,True,2025-04-02,10.74,2025-04-09,7.87,2025-05-13,13.95,2025-06-03,11.58,16.99,13.045,2025-07-14,955,926,True,2025-08-25,985,104.6,True,1101
300825,-14.029535864978904,-14.029535864978904,-14.029535864978904,-14.029535864978904,True,True,True,True,2023-04-10,13.11,2023-04-28,11.02,2023-05-16,13.8,2023-05-31,11.93,13.55,13.086,2023-06-16,454,442,True,2023-06-16,454,459.4,True,1101
300826,-12.868369351669951,-12.868369351669951,-12.868369351669951,-12.868369351669951,True,True,True,True,2023-08-28,17.6,2023-09-11,14.81,2023-10-10,21.61,2023-10-23,15.9,26.42,19.429,2023-11-08,549,537,True,2023-11-13,552,123.5,True,1101
300833,-16.325559257496426,-16.325559257496426,-16.325559257496426,-16.325559257496426,True,True,True,True,2022-03-30,70.1,2022-04-26,53.64,2022-07-08,93.42,2022-08-02,82.72,11.45,89.333,2022-08-18,254,242,True,2022-08-18,254,367.1,True,1101
300835,0.654001868576759,0.654001868576759,0.654001868576759,-6.779661016949157,True,True,True,True,2025-05-06,37.36,2025-05-23,32.27,2025-08-27,69.92,2025-09-04,55.99,19.92,64.599,2025-09-22,1005,993,True,2025-10-13,1014,272.9,True,1101
300836,-8.618581907090462,-8.618581907090462,-8.618581907090462,-13.826120260436614,True,True,True,True,2024-09-02,41.5,2024-09-23,31.81,2024-10-08,51.4,2024-11-04,43.76,14.86,48.482,2024-11-20,799,787,True,2024-11-21,800,166.2,True,1101
300837,60.93693693693692,59.009971509971514,42.19060225016547,42.19060225016547,True,True,True,True,2025-09-17,26.25,2025-10-13,23.0,2025-11-19,31.99,2025-11-21,25.0,21.85,29.32,2025-12-16,1060,1043,True,2025-12-18,1062,621.2,True,1101
300850,21.18709677419355,21.18709677419355,21.18709677419355,17.416149068322984,True,True,True,True,2025-07-23,39.36,2025-08-01,32.42,2025-08-12,41.88,2025-09-04,33.2,20.73,38.564,2025-09-22,999,987,True,2025-09-26,1003,282.4,True,1095
300851,1.6986706056129952,-2.6174256005736862,-4.0357142857142865,-6.963979416809596,True,True,True,True,2023-03-24,26.58,2023-04-27,21.45,2023-05-30,30.35,2023-06-28,25.11,17.27,28.348,2023-08-02,485,460,True,2023-08-15,494,125.4,True,1101
300853,5.139318885448918,5.139318885448918,5.139318885448918,5.139318885448918,True,True,True,True,2023-02-07,30.16,2023-03-07,26.65,2023-03-28,30.36,2023-04-17,27.0,11.07,29.076,2023-05-08,425,413,True,2023-05-08,425,303.3,True,1101
300853,-24.102853913534904,-24.102853913534904,-24.102853913534904,-24.102853913534904,True,True,True,True,2023-03-28,30.36,2023-04-17,27.0,2023-05-04,35.28,2023-06-09,31.06,11.96,33.668,2023-06-29,461,449,True,2023-06-29,461,125.8,True,1101
300860,-1.9082745349582986,-1.9082745349582986,-1.9082745349582986,-1.9082745349582986,True,True,True,True,2022-11-08,59.1,2022-12-21,46.9,2023-02-21,59.74,2023-03-13,52.02,12.92,56.791,2023-03-29,401,389,True,2023-03-29,401,232.9,True,1101
300863,-13.962920046349947,-13.962920046349947,-13.962920046349947,-13.962920046349947,True,True,True,True,2022-11-04,92.99,2022-11-28,78.38,2022-12-12,94.79,2022-12-23,81.0,14.55,89.522,2023-01-11,351,339,True,2023-01-11,351,200.8,True,1101
300867,-3.1820552947313674,-5.082135523613973,11.12234580384226,12.604217753800896,True,True,True,True,2025-03-17,14.1,2025-04-07,11.61,2025-05-28,21.69,2025-06-11,17.54,19.13,20.105,2025-09-30,1011,932,True,2025-10-24,1023,191.1,False,1101
300867,-10.467205750224629,-10.467205750224629,-10.467205750224629,-10.467205750224629,True,True,True,True,2025-08-25,18.66,2025-09-05,16.78,2025-10-24,21.8,2025-11-04,19.22,11.83,20.814,2025-11-20,1042,1030,True,2025-11-20,1042,242.2,False,1101
300875,-4.980580306145765,-11.823067383216213,-11.823067383216213,-25.766448501550123,True,True,True,True,2025-05-09,33.58,2025-06-11,25.51,2025-06-19,55.58,2025-07-16,39.5,28.93,49.437,2025-08-05,951,937,True,2025-08-06,952,183.5,True,1081
300876,-10.928143712574844,-10.928143712574844,-10.928143712574844,-12.310385064177364,True,True,True,True,2025-08-29,31.99,2025-10-14,26.42,2025-10-28,35.59,2025-11-21,29.8,16.27,33.378,2025-12-09,1055,1043,True,2025-12-11,1057,181.3,True,1101
300877,-5.827338129496407,-12.56022023399862,-27.06552706552706,-27.06552706552706,True,True,True,True,2025-05-12,17.0,2025-06-23,15.05,2025-07-31,33.47,2025-08-28,24.8,25.9,30.158,2025-10-10,1013,988,True,2025-10-10,1013,150.9,True,1101
300882,14.844343204252098,14.844343204252098,14.844343204252098,14.844343204252098,True,True,True,True,2023-02-15,18.49,2023-03-20,16.96,2023-03-22,19.1,2023-04-24,17.12,10.37,18.344,2023-05-15,430,418,True,2023-05-15,430,1038.4,True,1101
300884,,,,,True,True,True,True,2025-10-20,14.42,2025-11-21,12.84,2025-12-05,17.5,2025-12-17,13.75,21.43,16.067,2026-01-06,1073,1061,True,2026-01-06,1073,144.8,True,1101
300886,19.313063063063062,19.313063063063062,19.313063063063062,19.313063063063062,True,True,True,True,2024-06-24,17.98,2024-07-09,14.86,2024-08-08,19.5,2024-08-26,16.05,17.69,18.182,2024-09-13,748,734,True,2024-09-30,757,239.4,True,1091
300889,-7.7312138728323765,-7.7312138728323765,-9.006433166547534,-13.654618473895574,True,True,True,True,2024-07-30,12.29,2024-08-29,10.3,2024-10-08,15.58,2024-11-04,12.25,21.37,14.308,2024-11-21,800,787,True,2024-11-26,803,171.2,True,1091
300890,14.013840830449853,14.013840830449853,14.013840830449853,14.013840830449853,True,True,True,True,2024-07-12,27.9,2024-07-25,22.99,2024-09-04,28.1,2024-09-18,23.3,17.08,26.266,2024-10-11,771,759,True,2024-10-11,771,366.2,True,1101
300906,0.9996001599360316,0.9996001599360316,-10.098619329388569,-2.6073004412354495,True,True,True,True,2023-04-28,26.34,2023-05-10,21.8,2023-05-30,26.5,2023-06-07,23.1,12.83,25.201,2023-06-29,461,447,True,2023-08-18,497,184.1,True,1101
300920,50.17482517482519,50.17482517482519,50.17482517482519,50.17482517482519,True,True,True,True,2024-12-20,20.2,2025-01-06,14.66,2025-02-24,20.75,2025-04-09,16.47,20.63,19.115,2025-04-25,903,891,True,2025-04-25,903,1117.8,True,1101
300920,5.708828522920206,2.397540983606561,5.314960629921273,-15.480943738656993,True,True,True,True,2025-02-24,20.75,2025-04-09,16.47,2025-06-17,55.94,2025-06-27,42.07,24.79,50.642,2025-07-21,960,944,True,2025-08-06,972,160.3,True,1101
300922,17.19056974459725,17.19056974459725,17.19056974459725,17.19056974459725,True,True,True,True,2024-11-22,17.32,2025-01-06,12.46,2025-03-21,19.66,2025-04-07,15.32,22.08,18.002,2025-04-23,901,889,True,2025-04-23,901,422.4,True,1101
300922,26.558157999206024,26.558157999206024,26.558157999206024,26.558157999206024,True,True,True,True,2025-03-21,19.66,2025-04-07,15.32,2025-05-07,24.88,2025-05-28,19.93,19.9,22.989,2025-06-16,935,923,True,2025-06-16,935,277.2,True,1101
300927,-19.49497692098833,-19.49497692098833,-19.49497692098833,-19.49497692098833,True,True,True,True,2024-12-10,20.91,2025-01-06,14.71,2025-03-27,35.86,2025-04-28,23.99,33.1,31.326,2025-05-19,916,904,True,2025-05-19,916,172.3,True,1101
300936,-7.118796317089604,-7.118796317089604,-15.82837199753644,-15.82837199753644,True,True,True,True,2023-07-13,47.0,2023-08-29,31.04,2023-09-11,51.8,2023-09-27,35.83,30.83,45.699,2023-10-25,539,525,True,2023-10-25,539,108.6,True,1101
300943,-7.4368231046931355,-2.6011560693641522,5.292872265349335,-2.6639344262295084,True,True,True,True,2024-08-02,16.0,2024-09-18,10.06,2024-10-08,16.04,2024-11-01,12.31,23.25,14.615,2025-01-08,833,786,True,2025-03-19,867,132.4,True,1091
300943,2.2415039768618916,2.2415039768618916,9.24488355681017,19.932203389830526,True,True,True,True,2024-11-12,14.54,2025-01-06,10.51,2025-01-08,15.18,2025-03-04,13.11,13.64,14.389,2025-05-27,912,866,True,2025-06-13,924,375.4,True,1091
300950,-35.2176370830978,-35.2176370830978,-35.2176370830978,-35.2176370830978,True,True,True,True,2025-07-17,37.45,2025-08-28,27.33,2025-09-02,37.48,2025-09-23,29.9,20.22,34.584,2025-10-17,1008,996,False,,-1,94.7,True,1091
300953,87.774594078319,87.774594078319,87.774594078319,70.93527013251784,True,True,True,True,2024-08-30,50.1,2024-09-23,45.51,2024-11-06,79.28,2024-11-18,63.8,19.53,73.367,2024-12-04,809,797,True,2024-12-05,810,763.6,True,1101
300958,-13.837050523441052,-13.837050523441052,-13.837050523441052,-13.837050523441052,True,True,True,True,2023-03-29,20.65,2023-06-26,16.87,2023-07-17,20.85,2023-08-16,18.02,13.57,19.769,2023-09-01,507,495,True,2023-09-01,507,185.5,True,1101
300959,32.28070175438597,32.28070175438597,32.28070175438597,32.28070175438597,True,True,True,True,2024-08-01,25.09,2024-08-28,22.81,2024-09-02,26.88,2024-09-18,23.08,14.14,25.428,2024-10-11,771,759,True,2024-10-11,771,971.3,True,1096
300959,-8.768732280275426,-8.768732280275426,-8.768732280275426,-8.768732280275426,True,True,True,True,2024-09-02,26.88,2024-09-18,23.08,2024-11-15,43.08,2024-12-18,35.04,18.66,40.009,2025-01-06,831,819,True,2025-01-06,831,281.3,True,1096
300964,-0.2307009760425971,-0.9739714525608734,-0.5940257976917884,,True,True,True,True,2025-08-19,50.59,2025-10-13,39.6,2025-11-05,66.97,2025-11-21,49.0,26.83,60.105,2025-12-16,1057,1040,True,2026-01-14,1076,110.1,True,1098
300971,5.329289428076267,-5.711043872919818,-5.711043872919818,-5.711043872919818,True,True,True,True,2025-06-04,25.77,2025-06-23,16.35,2025-07-02,26.98,2025-07-23,20.5,24.02,24.505,2025-08-26,986,962,True,2025-08-27,987,117.0,True,1101
300983,5.238095238095242,5.238095238095242,5.238095238095242,5.238095238095242,True,True,True,True,2025-09-15,23.75,2025-10-13,21.4,2025-10-21,26.18,2025-11-05,22.58,13.75,24.805,2025-11-21,1043,1031,True,2025-11-21,1043,175.0,True,1101
300983,,,,,True,True,True,True,2025-10-21,26.18,2025-11-05,22.58,2025-11-26,28.37,2025-12-22,24.71,12.9,26.972,2026-01-09,1076,1064,True,2026-01-13,1078,109.8,True,1101
300986,-24.929577464788732,-24.929577464788732,-24.929577464788732,-24.929577464788732,True,True,True,True,2022-12-19,43.49,2023-01-03,37.58,2023-02-14,43.65,2023-02-16,39.2,10.19,41.95,2023-03-06,384,372,True,2023-03-06,384,102.0,True,1098
300989,21.858974358974372,21.858974358974372,21.858974358974372,2.5608994378513383,True,True,True,True,2024-10-08,16.74,2024-11-04,12.02,2025-01-08,16.8,2025-02-06,13.78,17.98,15.646,2025-02-24,860,848,True,2025-04-02,887,212.6,True,1101
300993,-8.56164383561644,-27.048371174728537,-27.048371174728537,-27.048371174728537,True,True,True,True,2025-07-03,17.86,2025-08-01,13.76,2025-08-15,19.98,2025-08-28,16.03,19.77,18.471,2025-09-19,1004,988,True,2025-09-19,1004,167.1,True,1101
300995,22.373949579831944,22.373949579831944,22.373949579831944,22.373949579831944,True,True,True,True,2025-02-28,19.78,2025-03-24,17.31,2025-04-23,37.94,2025-06-03,33.45,11.83,36.225,2025-06-19,938,926,True,2025-06-19,938,744.1,True,1101
300995,-5.3433476394849855,-5.3433476394849855,-5.3433476394849855,-5.3433476394849855,True,True,True,True,2025-04-23,37.94,2025-06-03,33.45,2025-07-18,48.6,2025-07-29,40.68,16.3,45.575,2025-08-14,978,966,True,2025-08-14,978,330.6,True,1101
300996,-27.677806341045407,-27.677806341045407,-27.677806341045407,-27.677806341045407,True,True,True,True,2022-11-15,48.97,2022-12-23,35.73,2023-02-03,55.97,2023-02-24,48.42,13.49,53.086,2023-03-14,390,378,True,2023-03-14,390,151.8,True,1101
301000,16.465863453815246,16.465863453815246,16.465863453815246,16.465863453815246,True,True,True,True,2024-12-05,33.99,2025-01-06,22.11,2025-02-19,43.0,2025-03-14,32.53,24.35,39.0,2025-04-01,886,874,True,2025-04-02,887,252.8,True,1101
301001,2.514087559601208,2.514087559601208,-1.7513882956001758,-0.42992261392950093,True,True,True,True,2022-09-22,23.22,2022-10-11,19.52,2022-10-20,25.4,2022-11-23,20.61,18.86,23.57,2022-12-14,332,317,True,2022-12-19,335,388.5,True,1101
301004,35.92394929953302,43.98972602739728,43.14963054187193,38.82805563776264,True,True,True,True,2023-11-21,49.06,2023-12-21,42.48,2024-01-17,73.2,2024-02-05,47.99,34.44,63.57,2024-03-11,630,611,True,2024-04-02,646,201.4,True,1101
301023,-12.550693703308436,-12.550693703308436,-12.550693703308436,-12.550693703308436,True,True,True,True,2023-03-27,43.39,2023-05-10,36.1,2023-05-18,45.0,2023-06-08,38.6,14.22,42.555,2023-06-28,460,448,True,2023-06-28,460,237.3,True,1101
301033,,,,,True,True,True,True,2025-07-04,66.4,2025-07-18,59.9,2025-08-12,92.5,2025-10-13,66.79,27.79,82.679,2026-01-06,1063,1004,False,,-1,98.1,True,1091
301035,3.418803418803429,3.418803418803429,3.418803418803429,3.418803418803429,True,True,True,True,2024-12-10,52.42,2025-01-08,43.9,2025-03-25,59.99,2025-04-07,51.36,14.39,56.693,2025-04-23,901,889,True,2025-04-24,902,368.0,True,1101
301035,9.037222619899786,13.290229885057459,11.973939073780592,8.69416395687146,True,True,True,True,2025-03-25,59.99,2025-04-07,51.36,2025-04-22,62.0,2025-04-30,51.82,16.42,58.111,2025-05-28,923,906,True,2025-07-21,960,307.5,True,1101
301037,0.6855184233076184,0.6855184233076184,2.481389578163773,-1.7801857585139302,True,True,True,True,2024-11-22,12.74,2025-01-06,8.81,2025-01-14,13.53,2025-01-27,10.16,24.91,12.243,2025-02-26,862,846,True,2025-03-06,868,201.2,True,1101
301039,-1.5857284440039643,-1.5857284440039643,-1.5857284440039643,-4.789272030651337,True,True,True,True,2025-10-17,9.95,2025-10-28,9.07,2025-11-14,10.58,2025-11-24,9.44,10.78,10.145,2025-12-10,1054,1042,True,2025-12-12,1056,110.5,True,1099
301040,25.874125874125873,25.874125874125873,25.874125874125873,25.874125874125873,True,True,True,True,2024-12-16,17.1,2025-01-13,10.73,2025-03-21,17.26,2025-04-09,12.79,25.9,15.552,2025-04-25,902,890,True,2025-04-25,902,619.9,True,1095
301040,-19.22503725782414,-19.22503725782414,-19.22503725782414,-15.956703910614522,True,True,True,True,2025-05-13,26.5,2025-06-13,20.0,2025-06-30,28.4,2025-07-10,24.5,13.73,26.91,2025-07-28,964,952,True,2025-08-05,970,410.3,True,1095
301042,18.38124054462935,18.38124054462935,18.38124054462935,18.38124054462935,True,True,True,True,2025-06-19,46.2,2025-09-02,37.36,2025-10-20,70.0,2025-10-29,55.62,20.54,64.507,2025-11-14,1035,1023,True,2025-11-18,1037,289.1,True,1098
301043,19.16732128829537,19.16732128829537,19.16732128829537,19.16732128829537,True,True,True,True,2025-06-10,30.79,2025-06-23,28.0,2025-08-11,38.43,2025-08-28,33.2,13.61,36.432,2025-09-15,993,981,True,2025-09-15,993,949.9,True,1094
301043,,,,,True,True,True,True,2025-10-10,57.65,2025-11-24,40.0,2025-12-03,64.3,2025-12-24,51.2,20.37,59.296,2026-01-13,1071,1059,True,2026-01-13,1071,241.8,True,1094
301045,-2.74524158125915,-2.74524158125915,-2.74524158125915,-2.74524158125915,True,True,True,True,2025-07-18,26.66,2025-09-04,23.52,2025-09-29,28.65,2025-10-17,24.72,13.72,27.149,2025-11-04,1021,1009,True,2025-11-07,1024,439.7,True,1092
301058,-1.0999083409715893,-0.8726003490401535,-8.319870759289183,,True,True,True,False,2024-12-16,13.27,2025-01-13,9.39,2025-02-26,14.06,2025-04-07,9.43,32.93,12.291,2025-08-19,953,861,False,,-1,66.7,True,1073
301061,13.925353925353923,13.925353925353923,13.925353925353923,13.925353925353923,True,True,True,True,2023-02-22,36.54,2023-04-25,29.21,2023-06-06,38.05,2023-06-26,34.01,10.62,36.507,2023-07-12,440,428,True,2023-07-12,440,519.6,True,1071
301076,-25.78862947781144,-25.78862947781144,-25.78862947781144,,True,True,True,False,2025-05-26,46.0,2025-07-11,25.75,2025-08-18,63.49,2025-09-04,47.05,25.89,57.21,2025-09-22,962,950,False,,-1,62.2,True,1058
301087,23.082145281737954,23.082145281737954,18.361581920903937,18.361581920903937,True,True,True,True,2025-08-18,45.34,2025-09-29,37.7,2025-10-30,47.49,2025-11-21,40.71,14.28,44.9,2025-12-10,1003,990,True,2025-12-10,1003,343.4,True,1048
301087,,,,,True,True,True,True,2025-10-30,47.49,2025-11-21,40.71,2025-12-10,48.67,2025-12-30,43.75,10.11,46.791,2026-01-19,1029,1017,True,2026-01-19,1029,301.0,True,1048
301091,70.42589437819422,63.29987452948558,41.642071371075914,41.642071371075914,True,True,True,True,2024-06-19,32.35,2024-07-08,23.1,2024-08-05,37.5,2024-08-29,24.44,34.83,32.511,2024-09-30,710,690,True,2024-09-30,710,318.2,True,1044
301110,-12.734206599237275,-12.734206599237275,-12.734206599237275,-12.734206599237275,True,True,True,True,2024-10-15,50.0,2024-11-18,37.79,2024-11-29,55.0,2024-12-18,42.88,22.04,50.37,2025-01-06,685,673,True,2025-01-06,685,260.9,True,955
301112,-22.38493723849372,-22.38493723849372,-22.38493723849372,-27.139793332033534,True,True,True,True,2025-05-22,45.88,2025-07-11,34.4,2025-08-12,52.75,2025-09-04,40.75,22.75,48.166,2025-09-22,777,765,True,2025-09-29,782,177.1,True,873
301123,-11.870885538330867,-11.870885538330867,-11.870885538330867,3.2944867772299657,True,True,True,True,2025-05-07,22.64,2025-06-03,20.02,2025-08-29,52.98,2025-09-09,39.0,26.39,47.64,2025-09-25,890,878,True,2025-12-18,944,307.6,True,983
301128,-13.645001900418096,-13.645001900418096,-13.645001900418096,-13.645001900418096,True,True,True,True,2023-06-19,41.99,2023-08-25,29.38,2023-09-06,46.58,2023-09-21,36.56,21.51,42.752,2023-10-17,468,456,True,2023-10-17,468,300.4,True,1036
301129,-18.42827728208648,-18.42827728208648,-18.42827728208648,-26.37362637362638,True,True,True,True,2024-09-09,21.0,2024-09-24,17.25,2024-10-11,31.31,2024-11-01,22.3,28.78,27.868,2024-11-22,742,727,True,2024-11-25,743,109.4,True,1042
301138,5.09409474367295,-15.630070308274735,-15.630070308274735,-15.630070308274735,True,True,True,True,2023-04-20,33.48,2023-05-17,27.64,2023-05-24,37.25,2023-06-08,29.52,20.75,34.297,2023-06-29,371,358,True,2023-06-30,372,204.3,True,1011
301141,-21.0727969348659,-21.0727969348659,-21.0727969348659,-21.0727969348659,True,True,True,True,2025-04-10,41.5,2025-05-28,36.89,2025-07-11,77.8,2025-08-04,60.45,22.3,71.172,2025-08-20,578,566,True,2025-08-25,581,123.6,True,697
301148,5.3187170117742655,5.3187170117742655,5.3187170117742655,5.3187170117742655,True,True,True,True,2025-06-27,29.43,2025-07-15,23.74,2025-10-20,36.08,2025-11-11,31.6,12.42,34.369,2025-12-11,874,862,True,2025-12-11,874,671.4,True,918
301155,1.9930244145490716,1.9930244145490716,1.9930244145490716,1.9930244145490716,True,True,True,True,2025-07-02,77.77,2025-07-24,63.42,2025-08-18,82.0,2025-08-29,72.0,12.2,78.18,2025-09-16,926,914,True,2025-09-17,927,310.6,True,1026
301157,23.617511520737324,23.617511520737324,23.617511520737324,23.617511520737324,True,True,True,True,2024-10-08,43.0,2024-11-04,33.75,2024-11-21,44.88,2024-11-27,35.33,21.28,41.232,2024-12-13,429,417,True,2024-12-13,429,388.6,True,714
301159,8.595387840670865,8.595387840670865,2.0975486479656302,-2.9922779922779807,True,True,True,True,2022-12-15,36.0,2022-12-30,25.43,2023-03-07,42.44,2023-03-31,35.37,16.66,39.739,2023-04-20,310,297,True,2023-06-14,346,585.6,True,995
301181,8.20324456688093,3.0320871357079726,3.0320871357079726,-6.525285481239795,True,True,True,True,2025-05-26,29.98,2025-06-23,23.2,2025-08-13,37.37,2025-09-04,29.04,22.29,34.188,2025-10-13,882,861,True,2025-10-16,885,299.2,True,964
301183,-5.440334789833223,-5.440334789833223,-5.440334789833223,-5.440334789833223,True,True,True,True,2025-09-01,119.78,2025-10-13,82.05,2025-10-27,121.32,2025-11-21,88.08,27.4,108.622,2025-12-09,862,850,True,2025-12-09,862,330.7,True,908
301190,13.279390766301757,13.279390766301757,13.279390766301757,0.0,True,True,True,True,2024-12-10,17.13,2025-01-13,14.1,2025-03-28,24.49,2025-04-09,16.72,31.73,21.522,2025-04-25,806,794,True,2025-05-27,825,193.8,True,1004
301191,-10.609577852291297,-10.609577852291297,-10.609577852291297,-10.609577852291297,True,True,True,True,2022-11-22,93.6,2023-01-03,70.51,2023-03-01,110.78,2023-03-16,94.4,14.79,104.523,2023-04-03,209,197,True,2023-04-03,209,266.6,True,906
301191,9.126088358593986,9.126088358593986,-12.779209621993138,-16.463414634146346,True,True,True,True,2024-11-05,99.98,2024-12-18,74.5,2024-12-26,104.0,2025-01-13,79.51,23.55,94.645,2025-02-07,654,641,True,2025-02-21,664,264.5,True,906
301192,9.30930930930931,9.30930930930931,9.30930930930931,14.34576983709932,True,True,True,True,2024-06-05,18.35,2024-09-18,14.06,2024-10-08,21.3,2024-11-27,17.81,16.38,19.967,2024-12-13,567,555,True,2025-01-16,590,205.4,True,852
301200,0.21080368906456481,0.21080368906456481,4.55840455840455,-15.407480802576167,True,True,True,True,2024-10-08,41.5,2024-11-04,33.0,2024-11-15,41.94,2024-11-27,34.36,18.07,39.044,2025-01-17,703,667,True,2025-02-24,723,138.8,True,964
301201,-16.973629133528668,-16.973629133528668,-16.973629133528668,-16.973629133528668,True,True,True,True,2025-07-22,34.5,2025-09-11,26.38,2025-10-20,36.06,2025-11-07,30.6,15.14,33.974,2025-11-25,930,918,True,2025-11-25,930,410.4,True,986
301205,-60.57056708802041,-60.57056708802041,-60.57056708802041,-60.57056708802041,True,True,True,True,2023-02-10,79.0,2023-03-16,57.31,2023-05-25,247.9,2023-06-08,187.0,24.57,224.636,2023-06-28,189,177,True,2023-06-28,189,202.0,True,830
301205,71.26746751654818,71.26746751654818,71.26746751654818,71.26746751654818,True,True,True,True,2025-09-02,127.97,2025-10-17,86.2,2025-10-30,132.0,2025-11-18,99.8,24.39,119.7,2025-12-04,781,769,True,2025-12-08,783,404.0,True,830
301205,,,,,True,True,True,True,2025-10-30,132.0,2025-11-18,99.8,2025-12-23,197.88,2026-01-09,157.0,20.66,182.264,2026-01-27,817,805,True,2026-01-27,817,178.3,True,830
301209,63.91253546987148,63.91253546987148,63.91253546987148,63.91253546987148,True,True,True,True,2024-11-12,33.89,2025-01-06,25.01,2025-03-19,40.1,2025-04-07,31.77,20.77,36.918,2025-04-23,642,630,True,2025-04-23,642,1213.6,True,842
301215,-4.043545878693622,-4.043545878693622,-8.259587020648972,-8.259587020648972,True,True,True,True,2023-03-10,7.08,2023-04-25,5.37,2023-05-10,7.22,2023-05-25,5.71,20.91,6.643,2023-07-04,321,295,True,2023-07-12,327,163.6,True,958
301225,-7.16071834507842,-7.16071834507842,-7.16071834507842,-7.16071834507842,True,True,True,True,2025-03-14,53.05,2025-04-09,28.4,2025-05-12,74.88,2025-05-26,54.67,26.99,67.16,2025-06-12,479,467,True,2025-06-12,479,270.4,True,647
301233,-7.139446036294183,-1.9598354706024557,-1.9598354706024557,-1.9598354706024557,True,True,True,True,2023-10-09,43.49,2023-10-24,39.56,2023-11-21,45.66,2023-12-26,40.87,10.49,43.83,2024-03-20,414,360,True,2024-04-02,423,140.5,True,878
301237,,,,,True,True,True,True,2025-10-28,49.65,2025-11-11,42.15,2025-11-20,51.89,2025-12-12,45.3,12.7,49.373,2025-12-30,916,904,True,2025-12-30,916,448.9,True,947
301248,-15.303283249860867,-15.303283249860867,-15.303283249860867,-15.303283249860867,True,True,True,True,2024-08-01,15.55,2024-09-18,11.2,2024-10-08,18.34,2024-11-04,14.51,20.88,16.877,2024-11-20,627,615,True,2024-12-10,641,263.4,True,929
301248,0.6722024515618985,0.6722024515618985,0.6722024515618985,0.6722024515618985,True,True,True,True,2025-05-12,23.57,2025-05-26,20.8,2025-06-09,25.8,2025-06-23,22.73,11.9,24.627,2025-07-09,780,768,True,2025-07-09,780,399.7,True,929
301248,-4.841093865484103,-4.841093865484103,-4.841093865484103,-4.841093865484103,True,True,True,True,2025-06-09,25.8,2025-06-23,22.73,2025-07-09,26.37,2025-07-30,23.36,11.41,25.22,2025-08-15,807,795,True,2025-08-15,807,996.3,True,929
301257,51.36565742113064,,,,True,True,True,True,2025-09-18,54.98,2025-10-15,41.72,2025-10-30,55.8,2025-11-21,42.42,23.98,50.689,2025-12-23,877,855,True,2026-01-05,884,318.2,True,913
301259,-28.51018220793139,-28.51018220793139,-28.51018220793139,-28.51018220793139,True,True,True,True,2024-11-29,53.8,2024-12-11,42.88,2025-01-15,55.5,2025-02-06,45.6,17.84,51.718,2025-02-24,684,672,True,2025-02-24,684,123.9,True,925
301279,-8.233670653173874,-8.233670653173874,-12.608695652173907,-12.608695652173907,True,True,True,True,2024-07-31,18.98,2024-09-18,15.95,2024-10-08,24.09,2024-11-04,19.14,20.55,22.199,2024-11-21,633,620,True,2024-12-04,642,210.9,True,934
301279,,,,,True,True,True,True,2025-09-17,24.87,2025-10-13,21.43,2025-12-11,36.74,2025-12-23,27.88,24.12,33.355,2026-01-12,910,898,True,2026-01-13,911,114.2,True,934
301285,11.453810450666246,11.453810450666246,11.453810450666246,11.453810450666246,True,True,True,True,2025-09-02,57.23,2025-09-04,44.7,2025-11-13,58.18,2025-11-24,47.82,17.81,54.222,2025-12-10,774,762,True,2025-12-10,774,298.8,True,819
301292,14.615958240119298,14.615958240119298,12.00000000000001,-4.777704047777043,True,True,True,True,2024-08-09,12.5,2024-08-26,10.86,2024-09-05,16.0,2024-09-18,11.09,30.69,14.124,2024-10-15,306,292,True,2024-10-23,312,163.3,True,634
301312,,,,,True,True,True,True,2025-10-29,52.17,2025-11-21,43.0,2025-12-08,52.5,2025-12-17,44.9,14.48,49.597,2026-01-06,847,835,True,2026-01-08,849,578.7,True,875
301313,-3.9412673879443583,-3.77733598409542,-27.700729927007295,-27.700729927007295,True,True,True,True,2024-10-08,27.5,2024-11-04,20.14,2024-12-03,30.38,2024-12-25,21.83,28.14,27.114,2025-02-11,567,540,True,2025-02-17,571,105.8,True,817
301314,7.424047924689781,7.424047924689781,7.424047924689781,7.424047924689781,True,True,True,True,2025-09-17,43.9,2025-10-13,38.1,2025-11-17,46.5,2025-11-21,41.62,10.49,44.636,2025-12-09,655,643,True,2025-12-09,655,226.6,True,701
301315,0.6643952299829614,0.6643952299829614,0.6643952299829614,0.6643952299829614,True,True,True,True,2024-10-08,61.39,2024-11-27,41.5,2024-12-02,63.36,2024-12-18,47.0,25.82,57.11,2025-01-06,374,362,True,2025-01-09,377,185.8,True,644
301316,17.879109225874856,17.879109225874856,0.714285714285734,-5.644338660319614,True,True,True,True,2025-03-18,32.0,2025-04-09,18.66,2025-05-23,60.13,2025-06-20,38.52,35.94,51.875,2025-08-12,678,641,True,2025-08-25,687,134.8,True,803
301323,8.856576338400512,8.856576338400512,8.856576338400512,8.856576338400512,True,True,True,True,2025-01-23,42.98,2025-02-19,39.6,2025-02-27,46.84,2025-03-11,41.2,12.04,44.686,2025-03-27,437,425,True,2025-06-12,477,438.8,True,645
301326,127.19101123595502,127.19101123595502,127.19101123595502,87.62505437146586,True,True,True,True,2024-07-10,40.7,2024-08-06,26.8,2024-08-30,42.19,2024-09-18,29.51,30.05,37.346,2024-10-11,494,482,True,2024-10-15,496,504.0,True,824
301377,-15.518008003557126,-15.518008003557126,-15.518008003557126,-15.518008003557126,True,True,True,True,2023-10-11,22.2,2023-10-23,17.52,2023-11-15,23.98,2023-12-19,19.81,17.39,22.387,2024-01-05,274,262,False,,-1,89.7,True,785
301377,23.993070593330444,23.993070593330444,23.993070593330444,23.993070593330444,True,True,True,True,2024-09-05,17.55,2024-09-19,14.91,2024-10-08,24.13,2025-01-06,18.71,22.46,22.06,2025-01-22,527,515,True,2025-02-18,540,569.0,True,785
301396,-30.649137222678714,-30.649137222678714,-40.052083333333336,-40.052083333333336,True,True,True,True,2024-11-15,35.87,2024-11-19,25.09,2025-04-02,101.63,2025-04-21,65.5,35.55,87.828,2025-05-13,603,590,True,2025-05-13,603,126.2,True,792
301408,,,,,True,True,True,True,2025-08-07,16.53,2025-10-13,12.17,2025-11-14,17.96,2025-12-16,14.51,19.21,16.642,2026-01-05,691,679,True,2026-01-05,691,442.0,True,720
301468,42.02300846537879,42.02300846537879,42.02300846537879,42.02300846537879,True,True,True,True,2025-07-23,28.8,2025-09-19,24.43,2025-11-11,48.91,2025-11-21,35.71,26.99,43.868,2025-12-09,577,565,True,2025-12-09,577,321.9,True,623
301468,,,,,True,True,True,True,2025-11-11,48.91,2025-11-21,35.71,2025-12-15,62.5,2026-01-05,49.74,20.42,57.626,2026-01-21,606,594,True,2026-01-21,606,223.0,True,623
301469,-9.131832797427652,-9.131832797427652,-9.131832797427652,-9.131832797427652,True,True,True,True,2025-05-23,27.5,2025-06-23,24.63,2025-07-07,30.9,2025-08-01,27.19,12.01,29.483,2025-08-19,482,470,True,2025-08-19,482,263.1,True,602
301498,44.05360134003349,44.05360134003349,36.329588014981276,35.1689432063264,True,True,True,True,2024-06-21,56.5,2024-08-15,41.52,2024-10-08,72.88,2024-11-20,59.49,18.37,67.765,2024-12-10,318,304,True,2024-12-20,326,495.8,True,606
301525,-20.687325031373692,-20.687325031373692,-20.687325031373692,-22.502106938851952,True,True,True,True,2025-06-26,78.83,2025-07-10,72.28,2025-08-19,113.98,2025-09-04,83.93,26.36,102.501,2025-09-22,500,488,True,2025-09-25,503,128.3,True,596
301536,-38.89329855992742,-38.89329855992742,-38.89329855992742,-38.89329855992742,True,True,True,True,2024-10-22,60.9,2024-11-27,41.1,2024-12-26,92.76,2025-01-17,68.28,26.39,83.409,2025-02-12,209,197,True,2025-02-20,215,101.0,True,458
301536,-0.09966777408638716,-9.18783317654437,-9.18783317654437,-8.265624999999998,True,True,True,True,2025-05-07,61.88,2025-05-26,53.0,2025-06-06,69.6,2025-06-23,55.8,19.83,64.328,2025-08-18,337,297,True,2025-08-27,344,113.8,True,458
301566,10.636023516835902,10.636023516835902,10.636023516835902,10.636023516835902,True,True,True,True,2025-09-18,18.87,2025-10-17,15.96,2025-10-27,18.98,2025-11-14,16.82,11.38,18.155,2025-12-02,464,452,True,2025-12-02,464,349.5,True,515
399018,,,,,True,True,True,True,2026-02-27,6702.93,2026-03-24,5739.84,2026-05-21,7394.7,2026-06-08,6574.97,11.09,7081.563,2026-06-25,1184,1172,True,2026-06-25,1184,137.4,True,1210
399102,,,,,True,True,True,True,2026-01-14,4279.08,2026-03-24,3813.39,2026-05-14,4827.74,2026-06-11,4336.7,10.17,4640.163,2026-06-30,1187,1175,True,2026-06-30,1187,115.1,True,1210
399276,,,,,True,True,True,True,2026-03-20,8770.4,2026-04-07,7801.66,2026-05-29,10558.98,2026-06-11,9211.28,12.76,10044.159,2026-06-30,1187,1175,True,2026-06-30,1187,115.5,True,1210
399365,-9.421114849037549,-9.421114849037549,-9.421114849037549,-9.421114849037549,True,True,True,True,2025-11-17,13726.8,2025-12-17,12896.72,2026-01-30,15442.83,2026-02-06,13891.75,10.04,14850.317,2026-03-04,1108,1096,True,2026-03-04,1108,145.8,False,1210
399366,5.437860530599115,5.437860530599115,5.437860530599115,5.437860530599115,True,True,True,True,2025-11-20,2746.53,2025-11-24,2364.75,2026-01-29,3328.52,2026-02-06,2776.96,16.57,3117.824,2026-03-04,1108,1096,True,2026-04-30,1148,116.6,False,1210
399608,,,,,True,True,True,True,2026-03-17,4541.25,2026-04-07,4150.12,2026-05-27,5403.01,2026-06-11,4854.46,10.15,5193.464,2026-06-30,1187,1175,True,2026-06-30,1187,138.4,False,1210
600007,5.097214923804505,8.944357774310973,3.33846944016436,-0.050000000000005596,True,True,True,True,2023-03-06,18.35,2023-04-07,16.66,2023-05-09,20.47,2023-05-10,17.81,12.99,19.454,2023-06-07,447,427,True,2023-07-26,480,119.2,False,1101
600012,-8.639705882352954,-8.639705882352954,-8.639705882352954,-4.245709123757912,True,True,True,True,2023-03-06,9.25,2023-04-18,8.32,2023-05-16,11.54,2023-05-25,9.88,14.38,10.906,2023-06-12,440,428,True,2023-09-14,506,113.9,False,1091
600012,2.054340622929085,2.054340622929085,2.054340622929085,9.119696010133005,True,True,True,True,2024-07-09,14.87,2024-07-22,12.79,2024-09-06,16.25,2024-09-19,14.18,12.74,15.459,2024-10-14,762,750,True,2024-12-17,808,208.7,False,1091
600023,-12.204724409448819,-12.204724409448819,-12.204724409448819,-12.204724409448819,True,True,True,True,2023-03-07,4.0,2023-04-03,3.56,2023-06-05,5.27,2023-06-14,4.65,11.76,5.033,2023-07-04,464,452,True,2023-07-10,468,106.5,False,1101
600026,-26.98034544371649,-34.21765024363833,-35.77540106951872,-39.8101898101898,True,True,True,True,2022-06-08,12.02,2022-07-11,8.58,2022-09-22,20.57,2022-10-13,15.42,25.04,18.603,2022-11-03,303,288,False,,-1,96.9,False,1101
600029,-3.3121019108280247,-3.3121019108280247,-3.3121019108280247,-3.3121019108280247,True,True,True,True,2022-09-28,7.0,2022-10-17,6.25,2022-11-11,7.77,2022-11-28,6.68,14.03,7.354,2022-12-14,332,320,True,2022-12-14,332,159.6,False,1101
600029,13.916786226685796,13.916786226685796,,,True,True,True,True,2025-09-17,6.26,2025-10-09,5.86,2025-11-19,7.41,2025-11-27,6.62,10.66,7.108,2025-12-17,1061,1047,True,2025-12-17,1061,232.9,False,1101
600032,6.430446194225703,6.430446194225703,6.430446194225703,0.6377551020408045,True,True,True,True,2024-12-10,8.08,2025-01-13,6.77,2025-02-28,8.1,2025-03-11,7.23,10.74,7.768,2025-03-27,883,871,True,2025-04-03,888,237.9,False,1101
600037,5.35714285714286,5.35714285714286,2.1170610211706187,-2.840236686390518,True,True,True,True,2025-05-07,7.31,2025-05-27,6.93,2025-06-06,8.53,2025-06-23,7.33,14.07,8.072,2025-07-21,960,940,True,2025-07-22,961,205.0,False,1101
600050,15.030060120240485,15.030060120240485,15.030060120240485,20.967741935483875,True,True,True,True,2022-09-09,3.64,2022-09-29,3.32,2022-12-07,5.25,2022-12-20,4.46,15.05,4.948,2023-01-06,348,336,True,2023-01-20,358,251.9,False,1101
600050,7.465618860510803,0.7575757575757569,0.7575757575757569,-7.91738382099828,True,True,True,True,2022-12-07,5.25,2022-12-20,4.46,2023-01-20,5.62,2023-02-09,4.81,14.41,5.311,2023-02-28,380,367,True,2023-03-01,381,202.5,False,1101
600057,-8.095781071835795,-8.095781071835795,-8.095781071835795,-8.095781071835795,True,True,True,True,2025-09-08,7.51,2025-09-25,6.94,2025-11-04,9.25,2025-11-24,8.05,12.97,8.792,2025-12-10,1056,1044,False,,-1,79.2,False,1101
600079,7.256046705587993,7.256046705587993,7.256046705587993,7.256046705587993,True,True,True,True,2022-10-24,21.91,2022-11-03,18.59,2022-12-08,24.25,2022-12-20,21.02,13.32,23.016,2023-01-06,348,336,True,2023-01-06,348,244.6,False,1100
600082,-13.716814159292035,-13.716814159292035,-13.716814159292035,-13.716814159292035,True,True,True,True,2025-07-07,4.29,2025-08-28,3.78,2025-09-16,4.45,2025-09-26,3.95,11.24,4.259,2025-10-22,1021,1009,True,2025-10-22,1021,346.0,False,1101
600084,-2.465753424657535,-2.465753424657535,-2.465753424657535,-2.465753424657535,True,True,True,True,2022-07-07,6.46,2022-07-15,5.88,2022-08-09,7.64,2022-08-30,6.87,10.08,7.346,2022-09-16,273,261,True,2022-12-14,331,200.0,False,1100
600088,-3.302373581011353,-3.302373581011353,-3.302373581011353,-3.302373581011353,True,True,True,True,2024-08-05,15.42,2024-09-18,12.89,2024-11-13,19.55,2024-11-25,16.71,14.53,18.465,2024-12-11,814,802,True,2024-12-11,814,190.5,False,1101
600095,-13.6226034308779,-13.6226034308779,-13.6226034308779,,True,True,True,False,2022-11-17,10.23,2023-01-03,7.37,2023-01-18,11.17,2023-02-17,8.98,19.61,10.333,2023-03-07,385,373,False,,-1,70.8,False,1091
600095,25.456621004566205,25.456621004566205,25.456621004566205,25.456621004566205,True,True,True,True,2025-02-17,7.09,2025-03-11,6.63,2025-04-08,9.37,2025-04-29,7.74,17.4,8.747,2025-05-20,907,895,True,2025-06-25,932,419.0,False,1091
600095,3.791069924178614,3.791069924178614,3.791069924178614,3.791069924178614,True,True,True,True,2025-05-20,9.09,2025-06-23,8.11,2025-07-09,12.43,2025-08-04,10.41,16.25,11.658,2025-08-20,972,960,True,2025-08-25,975,205.9,False,1091
600096,8.072727272727276,8.072727272727276,8.072727272727276,8.072727272727276,True,True,True,True,2025-06-16,23.04,2025-06-25,21.83,2025-09-09,28.58,2025-09-23,25.04,12.39,27.228,2025-10-17,1018,1006,True,2025-10-29,1026,463.6,False,1101
600105,35.23550724637683,35.23550724637683,35.23550724637683,35.23550724637683,True,True,True,True,2025-05-29,9.22,2025-06-23,7.41,2025-07-25,9.69,2025-08-12,8.71,10.11,9.316,2025-08-28,988,976,True,2025-08-28,988,2427.6,False,1101
600105,45.66929133858266,45.66929133858266,45.66929133858266,45.66929133858266,True,True,True,True,2025-07-25,9.69,2025-08-12,8.71,2025-10-14,16.68,2025-11-21,13.61,18.41,15.507,2025-12-09,1055,1043,True,2025-12-09,1055,615.3,False,1101
600113,93.66736256089074,93.66736256089074,93.66736256089074,93.66736256089074,True,True,True,True,2025-01-27,14.26,2025-02-28,12.43,2025-04-02,14.57,2025-04-09,12.54,13.93,13.795,2025-04-25,903,891,True,2025-05-26,921,2482.8,False,1101
600113,-6.195121951219518,-6.195121951219518,-6.195121951219518,-6.195121951219518,True,True,True,True,2025-10-14,58.89,2025-11-07,43.73,2025-11-13,64.4,2025-11-28,52.74,18.11,59.946,2025-12-16,1060,1048,True,2025-12-16,1060,138.4,False,1101
600128,-4.185623293903551,-4.185623293903551,-4.185623293903551,-4.185623293903551,True,True,True,True,2025-05-13,10.72,2025-06-03,9.41,2025-06-09,11.03,2025-06-23,9.44,14.42,10.423,2025-07-09,952,940,True,2025-07-09,952,175.5,False,1101
600133,-27.378964941569294,-27.378964941569294,-27.378964941569294,-27.378964941569294,True,True,True,True,2023-07-18,8.51,2023-09-08,6.33,2023-11-15,10.14,2023-11-27,8.65,14.69,9.571,2023-12-13,574,562,True,2023-12-13,574,354.4,False,1101
600137,-0.4289544235924869,-0.4289544235924869,-0.4289544235924869,-0.4289544235924869,True,True,True,True,2023-07-31,18.12,2023-08-25,15.55,2023-09-20,18.28,2023-10-23,16.01,12.42,17.413,2023-11-08,549,537,True,2023-11-08,549,193.0,False,1101
600150,-15.757938885560218,-15.757938885560218,-15.757938885560218,-15.757938885560218,True,True,True,True,2023-03-06,27.67,2023-04-06,22.71,2023-06-21,33.67,2023-07-13,30.0,10.9,32.268,2023-07-31,483,471,True,2023-08-01,484,102.2,False,1087
600156,-17.158671586715858,-17.158671586715858,-17.158671586715858,-24.161073825503365,True,True,True,True,2023-08-17,5.33,2023-08-25,4.2,2023-12-18,5.65,2023-12-27,4.66,17.52,5.272,2024-01-17,598,584,True,2024-01-18,599,258.6,False,1091
600160,0.2988898377455085,0.2988898377455085,0.2988898377455085,0.2988898377455085,True,True,True,True,2024-01-05,17.34,2024-01-23,14.35,2024-02-26,21.35,2024-03-12,18.85,11.71,20.395,2024-03-28,643,631,True,2024-03-28,643,290.0,False,1101
600182,-1.297814207650283,-1.297814207650283,-1.297814207650283,-1.297814207650283,True,True,True,True,2022-09-07,14.35,2022-10-31,10.88,2022-11-17,15.3,2022-12-01,13.08,14.51,14.452,2022-12-19,334,322,True,2023-01-20,357,199.1,False,1099
600183,-23.31797235023041,-23.31797235023041,-23.31797235023041,-23.31797235023041,True,True,True,True,2024-03-20,19.04,2024-04-11,15.58,2024-06-17,21.94,2024-07-05,19.42,11.49,20.977,2024-07-23,720,708,True,2024-07-23,720,318.7,False,1101
600185,-3.551912568306015,-3.551912568306015,-3.551912568306015,-3.551912568306015,True,True,True,True,2023-08-04,7.16,2023-09-22,5.87,2023-10-10,7.56,2023-10-23,6.62,12.43,7.201,2023-11-08,545,533,True,2023-11-10,547,179.8,False,1097
600186,1.7857142857143016,1.7857142857143016,1.7667844522968101,0.34482758620690834,True,True,True,True,2023-03-06,2.8,2023-03-14,2.57,2023-03-28,2.98,2023-04-11,2.58,13.42,2.827,2023-04-28,422,409,True,2023-05-10,427,1415.0,False,1101
600191,,,,,True,True,True,True,2025-09-17,8.74,2025-10-17,7.42,2025-12-26,14.17,2026-01-13,12.0,15.31,13.341,2026-01-29,1088,1076,False,,-1,97.7,False,1099
600211,-13.857677902621713,-13.857677902621713,-13.857677902621713,-13.857677902621713,True,True,True,True,2022-11-22,45.98,2022-12-27,35.12,2023-03-13,60.78,2023-03-28,48.33,20.48,56.024,2023-04-14,412,400,True,2023-04-14,412,145.9,True,1101
600212,30.2250803858521,30.2250803858521,30.2250803858521,16.036308623298034,True,True,True,True,2022-03-02,6.3,2022-04-27,4.02,2022-06-23,6.82,2022-07-05,5.32,21.99,6.247,2022-07-21,234,222,True,2022-07-29,240,339.3,False,1101
600216,11.533333333333328,-2.165841584158412,-2.165841584158412,-1.616628175519641,True,True,True,True,2024-05-10,11.9,2024-06-14,9.47,2024-08-09,17.5,2024-08-30,13.65,22.0,16.029,2024-09-27,766,748,True,2024-10-08,768,149.4,False,1101
600218,,,,,True,True,True,True,2025-08-20,10.96,2025-10-17,8.98,2025-11-25,11.95,2025-12-05,10.1,15.48,11.243,2025-12-25,1067,1053,False,,-1,95.7,False,1101
600228,-9.2741935483871,-9.2741935483871,-9.2741935483871,-9.2741935483871,True,True,True,True,2022-12-15,7.73,2022-12-29,6.85,2023-02-13,8.17,2023-03-08,7.3,10.65,7.838,2023-03-24,398,386,True,2023-03-24,398,1080.5,False,1100
600233,-4.067460317460315,-4.067460317460315,-4.067460317460315,-8.05620608899299,True,True,True,True,2022-07-08,20.96,2022-07-18,17.93,2022-08-19,21.73,2022-09-05,19.1,12.1,20.725,2022-09-22,278,266,True,2022-09-28,282,143.3,False,1101
600235,-2.782324058919805,-2.782324058919805,-2.782324058919805,-5.891719745222934,True,True,True,True,2024-08-05,4.78,2024-09-18,4.31,2024-10-29,6.37,2024-11-19,5.53,13.19,6.049,2024-12-05,810,798,True,2024-12-06,811,125.0,False,1101
600250,27.186512118018967,27.783558792924048,27.783558792924048,12.315270935960587,True,True,True,True,2025-03-26,10.0,2025-04-09,7.12,2025-04-18,10.96,2025-04-30,8.26,24.64,9.929,2025-06-04,912,891,True,2025-06-09,915,249.6,False,1086
600257,3.6144578313253017,3.6144578313253017,3.6144578313253017,9.561752988047822,True,True,True,True,2025-03-21,5.18,2025-04-07,4.33,2025-04-11,5.21,2025-04-28,4.62,11.32,4.985,2025-05-19,916,904,True,2025-06-03,926,272.9,False,1101
600259,-0.28716216216216894,-0.28716216216216894,-0.28716216216216894,-0.28716216216216894,True,True,True,True,2025-01-13,31.77,2025-01-27,28.35,2025-06-16,61.38,2025-07-04,49.08,20.04,56.681,2025-07-22,961,949,True,2025-07-24,963,250.4,False,1101
600259,-25.767575322812053,-25.767575322812053,-25.767575322812053,-25.767575322812053,True,True,True,True,2025-06-16,61.38,2025-07-04,49.08,2025-07-28,68.46,2025-08-15,57.55,15.94,64.292,2025-09-02,991,979,True,2025-09-02,991,297.6,False,1101
600262,-14.458391445839158,-14.458391445839158,-14.458391445839158,-14.458391445839158,True,True,True,True,2023-04-07,18.48,2023-04-25,15.52,2023-05-18,21.49,2023-06-09,18.79,12.56,20.459,2023-06-29,461,449,True,2023-06-29,461,146.3,False,1101
600267,-6.890459363957602,-6.890459363957602,-6.890459363957602,-6.890459363957602,True,True,True,True,2025-04-01,9.72,2025-04-09,8.13,2025-06-12,10.35,2025-06-23,9.07,12.37,9.861,2025-07-09,952,940,True,2025-07-09,952,311.7,False,1101
600268,-3.966005665722383,-10.643776824034335,-10.643776824034335,-10.643776824034335,True,True,True,True,2025-05-21,8.31,2025-06-23,7.39,2025-07-23,11.94,2025-09-04,9.42,21.11,10.977,2025-10-10,1013,993,True,2025-10-13,1014,213.5,True,1101
600279,-10.381355932203373,-10.381355932203373,-10.381355932203373,-10.381355932203373,True,True,True,True,2021-12-16,4.38,2022-01-27,3.69,2022-03-03,4.48,2022-03-16,3.83,14.51,4.232,2022-04-01,161,149,True,2022-04-01,161,241.5,False,1101
600284,-1.2084592145015116,-1.2084592145015116,-6.232294617563728,-6.232294617563728,True,True,True,True,2025-02-11,6.2,2025-03-04,5.82,2025-04-02,7.05,2025-04-09,6.14,12.91,6.702,2025-05-13,912,891,True,2025-05-13,912,495.6,False,1101
600285,0.0,0.0,0.0,1.7532874139010612,True,True,True,True,2022-11-18,15.29,2022-12-28,12.47,2023-03-16,16.75,2023-03-27,14.43,13.85,15.864,2023-04-13,411,399,True,2023-04-27,421,165.5,False,1101
600293,0.6557377049180246,0.6557377049180246,1.9230769230769162,-6.4024390243902385,True,True,True,True,2025-03-17,3.18,2025-04-09,2.46,2025-05-07,3.25,2025-05-26,2.91,10.46,3.12,2025-07-01,946,921,True,2025-07-02,947,244.1,False,1101
600300,-16.058394160583944,-16.058394160583944,-16.058394160583944,-16.058394160583944,True,True,True,True,2025-02-10,3.48,2025-03-11,3.12,2025-03-17,3.83,2025-04-07,3.25,15.14,3.608,2025-04-23,900,888,True,2025-04-23,900,170.7,False,1100
600301,,,,,True,True,True,True,2025-10-14,35.31,2025-10-23,26.01,2025-12-18,42.18,2025-12-30,36.0,14.65,39.819,2026-01-19,1080,1068,True,2026-01-19,1080,515.9,False,1099
600303,-5.6372549019607865,-5.6372549019607865,-5.6372549019607865,-5.6372549019607865,True,True,True,True,2024-11-26,3.48,2025-01-06,2.67,2025-03-17,3.66,2025-04-09,2.91,20.49,3.374,2025-04-28,890,878,True,2025-04-28,890,226.7,False,1087
600312,17.797443461160277,17.797443461160277,17.797443461160277,17.797443461160277,True,True,True,True,2022-11-21,9.22,2022-12-23,7.52,2023-03-20,10.75,2023-04-04,8.9,17.21,10.043,2023-04-21,417,405,True,2023-04-21,417,221.6,False,1101
600312,4.565408252853387,4.565408252853387,-10.957792207792206,-10.957792207792206,True,True,True,True,2023-03-20,10.75,2023-04-04,8.9,2023-05-08,12.17,2023-05-24,10.71,12.0,11.612,2023-06-16,454,437,True,2023-06-16,454,156.8,False,1101
600325,-13.29572925060435,-13.29572925060435,-13.29572925060435,-13.29572925060435,True,True,True,True,2023-01-11,10.58,2023-01-30,9.05,2023-03-02,11.92,2023-03-24,10.19,14.51,11.259,2023-04-12,410,398,True,2023-04-12,410,143.4,False,1101
600326,-16.109045848822813,-16.109045848822813,-16.109045848822813,-16.109045848822813,True,True,True,True,2024-08-21,6.76,2024-09-10,4.97,2024-11-08,8.46,2024-11-27,6.96,17.73,7.887,2024-12-13,816,804,True,2024-12-23,822,132.7,True,1101
600343,-3.220035778175312,-3.220035778175312,-3.220035778175312,-1.7123287671232834,True,True,True,True,2024-08-08,11.2,2024-09-03,7.2,2024-10-30,12.25,2024-11-18,10.31,15.84,11.509,2024-12-04,809,797,True,2025-03-07,869,209.3,False,1101
600345,-1.9094380796508381,43.10171198388721,-8.03609798023206,-8.03609798023206,True,True,True,True,2023-11-15,22.13,2024-01-23,15.08,2024-03-14,24.35,2024-06-11,16.28,33.14,21.267,2024-11-11,782,680,True,2024-11-13,784,183.9,False,1091
600360,12.100840336134455,12.100840336134455,12.100840336134455,12.100840336134455,True,True,True,True,2024-12-13,5.39,2025-01-06,4.13,2025-02-07,5.49,2025-02-18,4.56,16.94,5.135,2025-03-06,867,855,True,2025-03-06,867,630.1,False,1090
600363,-7.964601769911495,-7.964601769911495,-7.964601769911495,-9.882088714205494,True,True,True,True,2023-04-19,38.26,2023-05-10,30.27,2023-06-21,38.77,2023-07-24,33.41,13.83,36.722,2023-08-09,490,478,False,,-1,81.5,False,1101
600363,-10.247136829415304,-10.247136829415304,-10.247136829415304,-10.247136829415304,True,True,True,True,2024-12-11,54.09,2025-01-13,42.9,2025-02-13,55.49,2025-02-28,48.09,13.34,52.663,2025-03-18,876,864,True,2025-03-18,876,281.4,False,1101
600366,-10.8108108108108,-10.8108108108108,-10.8108108108108,-10.8108108108108,True,True,True,True,2022-11-09,11.39,2022-11-28,10.12,2022-12-16,11.49,2022-12-23,10.3,10.36,11.035,2023-01-11,351,339,True,2023-01-20,358,189.1,False,1101
600372,0.8994276369582943,0.16181229773464256,-1.9032513877874746,-0.15910898965790787,True,True,True,True,2025-05-12,12.28,2025-06-20,11.21,2025-09-01,13.05,2025-09-05,11.68,10.5,12.527,2025-09-30,993,976,True,2025-12-18,1044,386.1,False,1083
600375,10.815047021943581,10.815047021943581,10.815047021943581,11.519999999999996,True,True,True,True,2025-03-25,6.72,2025-04-09,5.32,2025-04-18,6.79,2025-04-30,5.61,17.38,6.339,2025-05-21,905,893,True,2025-05-23,907,273.7,False,1088
600377,-1.2630014858841188,0.21929824561404132,1.2363636363636354,1.2363636363636354,True,True,True,True,2024-07-03,13.45,2024-07-26,12.31,2024-08-28,15.09,2024-08-30,13.13,12.99,14.341,2024-10-08,768,748,True,2024-10-08,768,128.1,False,1101
600389,,,,,True,True,True,True,2025-11-17,24.91,2025-11-28,21.17,2025-12-29,27.6,2026-01-14,22.78,17.46,25.759,2026-01-30,1091,1079,True,2026-01-30,1091,103.5,True,1101
600391,9.811730629978266,9.811730629978266,9.811730629978266,-1.2296564195298343,True,True,True,True,2025-04-22,28.82,2025-05-28,22.75,2025-06-05,28.83,2025-06-20,24.36,15.5,27.122,2025-07-08,951,939,True,2025-07-17,958,305.1,False,1101
600391,-12.337662337662337,-12.337662337662337,-12.337662337662337,-12.337662337662337,True,True,True,True,2025-06-05,28.83,2025-06-20,24.36,2025-06-30,30.34,2025-07-16,27.05,10.84,29.083,2025-08-01,969,957,True,2025-08-01,969,878.7,False,1101
600396,-14.851485148514843,-14.851485148514843,-14.851485148514843,-14.851485148514843,True,True,True,True,2024-07-29,2.74,2024-09-11,2.08,2024-10-08,2.96,2024-10-22,2.41,18.58,2.75,2024-11-07,788,776,True,2024-11-07,788,247.3,False,1099
600397,16.0513643659711,16.0513643659711,22.17054263565892,22.17054263565892,True,True,True,True,2025-06-11,6.63,2025-06-30,5.61,2025-07-02,6.73,2025-07-22,5.96,11.44,6.436,2025-08-11,975,961,True,2025-08-20,982,714.3,False,1101
600398,-0.92592592592593,-0.92592592592593,-0.92592592592593,1.0086455331411948,True,True,True,True,2023-01-16,5.52,2023-02-13,5.04,2023-03-21,6.81,2023-04-10,6.08,10.72,6.531,2023-04-26,420,408,True,2023-05-04,423,249.3,False,1101
600398,-0.395778364116095,-0.395778364116095,-0.395778364116095,-0.395778364116095,True,True,True,True,2023-07-31,7.64,2023-08-14,6.78,2023-08-31,7.82,2023-09-05,6.9,11.76,7.469,2023-09-21,521,509,True,2023-09-25,523,233.7,False,1101
600415,-15.264367816091951,-15.264367816091951,-15.264367816091951,-15.264367816091951,True,True,True,True,2025-04-01,15.79,2025-04-09,11.71,2025-07-29,22.3,2025-08-12,18.6,16.59,20.887,2025-08-28,988,976,True,2025-08-29,989,124.1,False,1101
600422,13.501026694045159,13.501026694045159,13.501026694045159,-1.847465656087166,True,True,True,True,2022-11-21,17.85,2022-12-27,13.34,2023-03-17,21.99,2023-03-24,17.75,19.28,20.37,2023-04-12,408,396,True,2023-05-04,421,196.7,False,1099
600422,4.134615384615392,4.134615384615392,4.134615384615392,4.134615384615392,True,True,True,True,2023-07-26,19.83,2023-08-30,15.18,2023-09-28,19.94,2023-10-20,17.25,13.49,18.912,2023-11-07,546,534,True,2023-11-07,546,255.0,False,1099
600422,-18.140330861380495,-18.140330861380495,-18.140330861380495,-18.140330861380495,True,True,True,True,2024-12-20,17.63,2025-01-14,15.35,2025-02-13,18.4,2025-04-07,15.8,14.13,17.407,2025-04-23,899,887,False,,-1,91.5,False,1099
600428,-8.841843088418422,-8.841843088418422,-8.841843088418422,-8.841843088418422,True,True,True,True,2022-06-01,5.2,2022-07-13,4.31,2022-07-25,5.5,2022-08-05,4.54,17.45,5.133,2022-08-23,257,245,True,2022-08-23,257,604.2,False,1101
600448,-10.895883777239701,-10.895883777239701,-10.895883777239701,-15.717539863325724,True,True,True,True,2022-01-06,3.51,2022-01-26,3.13,2022-04-25,4.55,2022-04-28,3.32,27.03,4.08,2022-05-19,190,178,False,,-1,87.0,False,1101
600458,-15.067340067340073,-15.067340067340073,-15.067340067340073,-15.067340067340073,True,True,True,True,2023-04-03,11.65,2023-05-10,10.35,2023-06-05,12.14,2023-06-09,10.75,11.45,11.609,2023-06-29,461,449,False,,-1,97.8,False,1101
600458,-18.36734693877552,-18.36734693877552,-18.36734693877552,-18.36734693877552,True,True,True,True,2024-08-01,9.97,2024-09-10,8.52,2024-11-06,14.09,2024-11-27,12.26,12.99,13.391,2024-12-13,816,804,True,2024-12-13,816,132.8,False,1101
600459,23.50877192982457,23.50877192982457,23.50877192982457,12.2394441475147,True,True,True,True,2025-09-02,18.13,2025-09-23,15.1,2025-10-14,18.71,2025-10-23,15.51,17.1,17.488,2025-11-10,1028,1016,True,2025-11-14,1032,396.2,False,1095
600463,31.158605174353205,31.158605174353205,22.085889570552155,22.085889570552155,True,True,True,True,2024-06-17,8.78,2024-07-18,7.0,2024-08-02,9.8,2024-08-26,7.51,23.37,8.925,2024-09-13,752,738,True,2024-09-18,753,417.0,False,1095
600475,-5.846947549441117,-5.846947549441117,-5.846947549441117,-15.2892561983471,True,True,True,True,2022-11-07,11.35,2022-12-23,8.5,2023-02-22,12.8,2023-03-14,10.98,14.22,12.105,2023-03-30,402,390,False,,-1,92.3,True,1101
600487,,,,,True,True,True,True,2025-10-31,23.1,2025-11-24,18.91,2025-12-24,27.08,2026-01-13,23.78,12.19,25.819,2026-01-29,1090,1078,True,2026-01-29,1090,599.1,False,1101
600502,-4.913678618857908,-4.913678618857908,-4.913678618857908,-4.913678618857908,True,True,True,True,2022-02-21,5.39,2022-03-16,4.3,2022-04-12,6.84,2022-04-22,4.86,28.95,6.084,2022-05-13,186,174,True,2022-05-13,186,191.9,False,1101
600506,-9.275136399064687,-9.275136399064687,-9.275136399064687,-9.275136399064687,True,True,True,True,2021-11-26,12.08,2022-01-21,10.51,2022-03-08,13.17,2022-03-16,10.8,18.0,12.265,2022-04-01,161,149,True,2022-04-06,162,162.4,False,1100
600509,-10.949868073878633,-10.949868073878633,-10.949868073878633,,True,True,True,False,2023-04-17,7.18,2023-05-11,6.39,2023-05-30,8.3,2023-06-14,7.1,14.46,7.842,2023-07-04,464,452,False,,-1,74.2,False,1101
600510,11.840411840411846,11.840411840411846,11.840411840411846,11.840411840411846,True,True,True,True,2025-06-09,5.41,2025-06-23,4.83,2025-08-21,7.98,2025-09-05,6.72,15.79,7.499,2025-09-23,1006,994,True,2025-10-10,1013,265.9,False,1101
600510,-1.9101123595505642,-1.9101123595505642,-1.9101123595505642,-1.9101123595505642,True,True,True,True,2025-08-21,7.98,2025-09-05,6.72,2025-09-12,8.59,2025-10-09,7.36,14.32,8.12,2025-10-27,1024,1012,True,2025-10-27,1024,220.3,False,1101
600530,55.718475073313755,55.718475073313755,55.718475073313755,55.718475073313755,True,True,True,True,2024-07-31,3.17,2024-09-09,2.36,2024-10-08,3.26,2024-10-21,2.53,22.39,2.981,2024-11-06,745,733,True,2024-11-06,745,453.4,False,1056
600530,19.059405940594054,19.059405940594054,19.059405940594054,19.059405940594054,True,True,True,True,2024-10-08,3.26,2024-10-21,2.53,2024-11-11,4.13,2024-11-25,3.23,21.79,3.786,2024-12-11,770,758,True,2024-12-16,773,878.9,False,1056
600537,-19.92084432717678,-19.92084432717678,-19.92084432717678,-19.92084432717678,True,True,True,True,2023-04-04,7.17,2023-04-25,6.13,2023-05-25,7.76,2023-06-09,6.3,18.81,7.202,2023-06-29,461,449,True,2023-07-03,463,101.4,False,1101
600558,5.952380952380953,,,,True,True,True,True,2025-07-23,6.27,2025-09-23,4.92,2025-10-28,6.66,2025-11-21,5.36,19.52,6.163,2025-12-30,1070,1043,True,2026-01-09,1076,122.3,False,1101
600563,-10.259695882453446,-10.259695882453446,-13.610159578912185,-17.093060441317554,True,True,True,True,2025-07-17,119.99,2025-08-08,108.01,2025-09-01,124.83,2025-09-04,111.97,10.3,119.917,2025-09-24,1007,993,True,2025-09-25,1008,175.2,False,1101
600566,1.3474240422721273,1.3474240422721273,1.3474240422721273,2.1008403361344685,True,True,True,True,2024-01-03,33.8,2024-02-02,28.6,2024-03-05,39.32,2024-03-14,34.5,12.26,37.479,2024-04-01,645,633,True,2024-04-10,650,221.6,False,1100
600576,23.491027732463298,23.491027732463298,17.86283891547049,18.769716088328092,True,True,True,True,2022-09-13,6.26,2022-10-10,5.12,2022-11-11,6.56,2022-11-25,5.74,12.5,6.247,2022-12-14,331,318,True,2022-12-27,340,525.6,False,1100
600576,15.279503105590052,15.279503105590052,15.279503105590052,15.279503105590052,True,True,True,True,2022-11-11,6.56,2022-11-25,5.74,2022-12-30,8.1,2023-02-20,7.1,12.35,7.718,2023-03-08,385,373,True,2023-03-08,385,295.0,False,1100
600576,8.04455445544554,8.04455445544554,8.04455445544554,4.081632653061229,True,True,True,True,2022-12-30,8.1,2023-02-20,7.1,2023-03-06,8.66,2023-03-30,7.45,13.97,8.198,2023-04-18,413,401,True,2023-04-21,416,214.9,False,1100
600578,26.37362637362637,26.37362637362637,26.37362637362637,26.37362637362637,True,True,True,True,2025-01-27,3.53,2025-03-11,3.24,2025-04-01,3.72,2025-04-07,3.31,11.02,3.563,2025-04-23,901,889,True,2025-04-24,902,404.9,False,1101
600583,8.044164037854884,8.044164037854884,8.044164037854884,8.044164037854884,True,True,True,True,2022-09-05,4.8,2022-09-30,4.36,2022-12-07,6.21,2022-12-19,5.5,11.43,5.939,2023-01-05,347,335,True,2023-01-05,347,239.4,False,1101
600586,-9.737098344693285,-9.737098344693285,-9.737098344693285,-9.737098344693285,True,True,True,True,2022-11-07,9.23,2022-11-28,7.46,2022-12-06,10.4,2022-12-23,8.45,18.75,9.655,2023-01-11,351,339,True,2023-01-11,351,220.0,False,1101
600588,-26.76878191101387,-26.76878191101387,-26.76878191101387,-26.76878191101387,True,True,True,True,2022-12-12,23.85,2022-12-21,21.2,2023-01-30,26.73,2023-02-27,22.66,15.23,25.175,2023-03-15,391,379,True,2023-03-15,391,151.4,False,1101
600595,28.957528957528964,43.35260115606936,33.882783882783876,33.631484794275494,True,True,True,True,2025-05-13,4.1,2025-06-03,3.58,2025-08-26,5.8,2025-09-04,4.95,14.66,5.475,2025-10-09,1010,991,True,2025-10-14,1013,691.8,False,1099
600600,-18.476034412126175,-18.476034412126175,-18.476034412126175,-18.476034412126175,True,True,True,True,2023-01-16,112.14,2023-02-08,100.08,2023-03-07,116.68,2023-03-20,104.5,10.44,112.027,2023-04-06,406,394,True,2023-04-06,406,173.6,False,1101
600610,97.11751662971177,97.11751662971177,97.11751662971177,53.0841121495327,True,True,True,True,2025-01-22,4.84,2025-03-05,3.95,2025-03-27,11.66,2025-04-09,6.8,41.68,9.803,2025-04-25,903,891,True,2025-05-06,907,250.2,False,1101
600611,1.5957446808510634,-4.021164021164014,-12.403846153846166,-12.412587412587417,True,True,True,True,2024-05-08,3.1,2024-06-06,2.7,2024-08-05,11.22,2024-08-15,8.66,22.82,10.242,2024-09-05,752,737,True,2024-09-06,753,153.1,False,1101
600618,-0.9883198562443907,-0.9883198562443907,-0.9883198562443907,-0.9883198562443907,True,True,True,True,2024-10-08,10.1,2024-11-27,9.1,2024-12-10,11.8,2025-01-02,9.75,17.37,11.017,2025-01-20,841,829,False,,-1,94.1,False,1101
600626,-22.068965517241367,-22.068965517241367,-22.068965517241367,-22.068965517241367,True,True,True,True,2024-07-17,3.54,2024-08-23,2.68,2024-10-08,4.13,2024-10-23,3.49,15.5,3.886,2024-11-08,791,779,True,2024-11-08,791,260.9,False,1101
600626,-17.180616740088105,-17.180616740088105,-17.180616740088105,-17.180616740088105,True,True,True,True,2024-10-08,4.13,2024-10-23,3.49,2024-11-08,4.73,2024-11-27,3.82,19.24,4.382,2024-12-13,816,804,True,2024-12-13,816,147.3,False,1101
600639,-13.054830287206265,-13.054830287206265,-13.054830287206265,-13.054830287206265,True,True,True,True,2021-12-27,12.88,2022-01-28,11.61,2022-03-07,14.88,2022-04-27,12.4,16.67,13.933,2022-05-18,189,177,True,2022-05-18,189,137.5,False,1101
600645,9.759999999999991,9.759999999999991,9.759999999999991,9.759999999999991,True,True,True,True,2024-07-12,16.63,2024-07-29,15.42,2024-08-08,17.86,2024-08-28,15.6,12.65,16.997,2024-09-13,758,746,True,2024-09-13,758,375.2,False,1101
600645,-2.4847094801223157,-2.4847094801223157,-2.4847094801223157,-2.4847094801223157,True,True,True,True,2025-04-24,22.76,2025-05-28,21.25,2025-06-10,25.88,2025-06-23,22.33,13.72,24.524,2025-07-09,952,940,True,2025-07-09,952,225.1,False,1101
600658,3.460207612456756,3.460207612456756,3.460207612456756,3.460207612456756,True,True,True,True,2023-04-10,5.65,2023-04-26,5.06,2023-05-09,6.15,2023-05-26,5.11,16.91,5.753,2023-06-13,451,439,True,2023-07-31,483,195.2,False,1101
600660,7.638575935105907,7.638575935105907,7.638575935105907,2.818141787758699,True,True,True,True,2023-11-23,37.9,2023-12-11,35.9,2024-03-05,46.48,2024-03-21,41.41,10.91,44.543,2024-04-10,650,638,True,2024-04-18,656,446.0,False,1101
600666,-8.469055374592827,-8.469055374592827,-8.469055374592827,-8.469055374592827,True,True,True,True,2024-08-16,1.65,2024-09-18,1.35,2024-11-11,3.09,2024-11-27,2.39,22.65,2.823,2024-12-13,809,797,True,2024-12-13,809,184.3,True,1094
600668,-36.17686467172846,-36.17686467172846,-36.17686467172846,-36.17686467172846,True,True,True,True,2021-11-15,15.0,2021-12-15,12.41,2022-01-20,22.87,2022-02-24,16.59,27.46,20.471,2022-03-14,147,135,True,2022-03-14,147,127.5,True,1101
600679,-11.009817671809262,-11.009817671809262,-11.009817671809262,-11.009817671809262,True,True,True,True,2024-07-31,10.6,2024-08-29,8.52,2024-11-13,13.04,2024-11-27,10.62,18.56,12.116,2024-12-13,816,804,True,2024-12-13,816,507.4,False,1101
600682,,,,,True,True,True,True,2025-08-20,9.24,2025-09-29,7.12,2025-11-13,9.44,2025-12-05,7.47,20.87,8.687,2025-12-30,1070,1053,True,2026-01-13,1078,107.1,False,1101
600684,32.8888888888889,32.8888888888889,32.8888888888889,32.8888888888889,True,True,True,True,2025-04-23,3.91,2025-05-23,3.41,2025-07-01,4.58,2025-07-21,4.12,10.04,4.404,2025-08-06,972,960,True,2025-08-06,972,545.7,False,1101
600711,28.803827751196188,28.803827751196188,28.803827751196188,28.803827751196188,True,True,True,True,2025-04-24,6.07,2025-04-30,5.36,2025-09-01,9.43,2025-09-23,8.05,14.63,8.903,2025-10-17,1016,1004,True,2025-10-17,1016,773.9,False,1099
600714,9.138110072689498,9.138110072689498,9.138110072689498,9.138110072689498,True,True,True,True,2024-08-01,7.48,2024-09-18,6.57,2024-11-01,9.86,2024-11-18,8.7,11.76,9.417,2024-12-04,809,797,True,2024-12-04,809,462.1,False,1101
600718,-21.681068342498033,-21.681068342498033,-21.681068342498033,-21.681068342498033,True,True,True,True,2024-12-31,11.54,2025-01-08,8.51,2025-02-17,13.05,2025-03-03,10.88,16.63,12.221,2025-03-19,867,855,True,2025-03-19,867,106.0,False,1091
600718,-4.937163375224419,-4.937163375224419,-4.937163375224419,-4.937163375224419,True,True,True,True,2025-04-25,10.55,2025-06-23,9.09,2025-08-27,11.45,2025-09-04,9.93,13.28,10.869,2025-09-22,995,983,True,2025-09-22,995,180.3,False,1091
600721,-3.056768558951961,-3.056768558951961,-3.056768558951961,-3.056768558951961,True,True,True,True,2025-06-04,8.19,2025-06-23,6.92,2025-07-30,8.71,2025-08-08,7.8,10.45,8.362,2025-08-26,985,973,True,2025-08-26,985,527.5,False,1095
600728,-14.343707713125841,-14.343707713125841,-14.343707713125841,-16.666666666666675,True,True,True,True,2023-02-13,6.57,2023-03-16,6.06,2023-04-13,7.85,2023-04-27,6.51,17.07,7.338,2023-05-18,433,421,True,2023-06-06,446,105.2,False,1101
600729,-10.659272951324706,-10.659272951324706,-10.659272951324706,,True,True,True,False,2025-01-24,30.73,2025-02-21,26.48,2025-02-28,35.89,2025-04-07,27.8,22.54,32.8,2025-04-23,889,877,False,,-1,74.4,True,1089
600732,-21.128451380552214,-21.128451380552214,-21.128451380552214,-21.128451380552214,True,True,True,True,2025-07-17,15.88,2025-08-14,13.61,2025-09-08,17.3,2025-09-23,14.47,16.36,16.219,2025-10-17,1018,1006,True,2025-10-17,1018,117.0,True,1101
600735,74.33808553971488,60.92843326885882,43.76098418277679,31.948881789137374,True,True,True,True,2024-12-16,5.79,2025-01-06,4.1,2025-03-20,6.28,2025-04-09,4.16,33.76,5.47,2025-04-30,906,891,True,2025-05-07,908,284.9,False,1100
600736,-16.291161178509526,-16.291161178509526,-16.291161178509526,-16.291161178509526,True,True,True,True,2022-07-21,5.59,2022-08-04,4.87,2022-08-18,5.75,2022-08-29,5.08,11.65,5.494,2022-09-15,273,261,True,2022-09-15,273,131.3,False,1101
600751,-14.655172413793094,-14.655172413793094,-14.655172413793094,-14.655172413793094,True,True,True,True,2025-03-21,3.11,2025-04-09,2.39,2025-08-18,4.88,2025-09-04,4.03,17.42,4.555,2025-09-22,1005,993,True,2025-10-10,1013,149.4,False,1101
600751,-15.051546391752568,-15.051546391752568,-15.051546391752568,-15.051546391752568,True,True,True,True,2025-08-18,4.88,2025-09-04,4.03,2025-09-17,5.03,2025-10-30,4.25,15.51,4.732,2025-11-17,1039,1027,False,,-1,88.5,False,1101
600758,-0.219780219780219,-0.219780219780219,-0.219780219780219,-0.219780219780219,True,True,True,True,2023-03-06,4.56,2023-04-11,3.98,2023-05-16,4.69,2023-05-29,4.14,11.73,4.48,2023-06-14,444,432,True,2023-06-28,452,123.6,False,1093
600760,-20.14429197906351,-20.14429197906351,-20.14429197906351,-20.14429197906351,True,True,True,True,2022-08-10,69.25,2022-09-02,57.6,2022-09-23,70.7,2022-10-12,58.91,16.68,66.196,2022-10-28,299,287,True,2022-10-28,299,119.5,True,1101
600768,34.62109955423476,34.62109955423476,34.62109955423476,34.62109955423476,True,True,True,True,2025-08-14,14.0,2025-09-23,11.18,2025-11-17,14.1,2025-11-21,12.12,14.04,13.344,2025-12-09,1055,1043,True,2025-12-30,1070,362.6,False,1101
600778,0.3007518796992459,0.3007518796992459,-4.899135446685888,-10.928961748633892,True,True,True,True,2022-04-13,6.33,2022-04-28,4.42,2022-07-01,7.55,2022-07-15,6.1,19.21,6.996,2022-08-04,244,230,True,2022-08-10,248,191.0,False,1101
600785,-4.628949301983831,-4.628949301983831,-4.628949301983831,-4.628949301983831,True,True,True,True,2025-04-18,13.85,2025-06-23,11.14,2025-08-21,14.1,2025-09-03,12.51,11.28,13.493,2025-09-19,1004,992,True,2025-09-19,1004,959.1,False,1101
600787,-7.7669902912621325,-7.7669902912621325,-7.7669902912621325,-7.7669902912621325,True,True,True,True,2022-12-08,5.68,2023-01-12,4.83,2023-03-07,5.87,2023-03-30,5.16,12.1,5.599,2023-04-18,414,402,True,2023-04-18,414,245.1,False,1101
600790,-3.4574468085106336,9.950248756218905,9.950248756218905,9.950248756218905,True,True,True,True,2022-04-20,4.02,2022-04-27,3.21,2022-05-16,4.13,2022-06-13,3.68,10.9,3.958,2022-10-17,290,206,True,2022-10-28,299,215.6,False,1101
600798,-3.7527593818984517,-3.7527593818984517,-3.7527593818984517,-3.7527593818984517,True,True,True,True,2025-03-14,3.31,2025-04-09,2.59,2025-04-11,3.64,2025-04-29,2.83,22.25,3.331,2025-05-20,917,905,True,2025-05-20,917,319.8,False,1101
600802,-23.414634146341452,-23.414634146341452,-23.414634146341452,-23.414634146341452,True,True,True,True,2025-07-22,6.15,2025-09-23,5.05,2025-11-17,8.76,2025-11-24,6.36,27.4,7.843,2025-12-10,1056,1044,False,,-1,89.2,False,1101
600810,-24.239713774597494,-24.239713774597494,-24.239713774597494,-24.239713774597494,True,True,True,True,2025-06-27,9.69,2025-07-29,8.83,2025-09-03,11.21,2025-09-18,9.66,13.83,10.618,2025-10-14,1015,1003,True,2025-10-14,1015,143.2,False,1101
600812,-4.524180967238689,-4.524180967238689,-4.524180967238689,-10.043668122270743,True,True,True,True,2025-04-24,6.38,2025-05-26,5.86,2025-06-17,6.65,2025-06-23,5.97,10.23,6.39,2025-07-09,952,940,True,2025-07-11,954,219.1,False,1101
600814,-2.433628318584058,-2.433628318584058,-2.433628318584058,-0.32017075773744796,True,True,True,True,2023-02-21,8.01,2023-04-11,7.36,2023-05-25,9.69,2023-05-30,8.56,11.66,9.258,2023-06-15,453,441,True,2023-09-05,509,329.2,False,1101
600818,33.58143607705779,33.58143607705779,33.58143607705779,33.58143607705779,True,True,True,True,2022-05-19,18.46,2022-06-22,15.55,2022-07-28,23.14,2022-08-03,19.61,15.25,21.792,2022-08-19,255,243,True,2022-08-22,256,506.2,False,1101
600818,-23.144228055320347,-23.144228055320347,-23.144228055320347,-23.144228055320347,True,True,True,True,2022-07-28,23.14,2022-08-03,19.61,2022-09-13,33.21,2022-10-14,26.6,19.9,30.685,2022-11-01,301,289,True,2022-11-01,301,164.6,False,1101
600838,-24.130190796857466,-24.130190796857466,-24.130190796857466,-24.130190796857466,True,True,True,True,2022-01-13,6.87,2022-01-26,6.01,2022-04-13,9.08,2022-04-27,6.6,27.31,8.133,2022-05-18,189,177,True,2022-05-18,189,120.2,False,1101
600843,115.47169811320752,97.30679156908668,71.2403951701427,71.2403951701427,True,True,True,True,2024-06-19,9.5,2024-07-25,6.16,2024-08-06,9.73,2024-08-28,6.86,29.5,8.634,2024-10-08,768,746,True,2024-10-22,778,432.8,False,1100
600844,1.81818181818183,1.81818181818183,1.81818181818183,1.81818181818183,True,True,True,True,2025-02-18,2.76,2025-03-05,2.55,2025-04-15,3.32,2025-04-28,2.78,16.27,3.114,2025-05-19,914,902,True,2025-05-19,914,194.4,False,1099
600844,-7.8034682080924895,-7.8034682080924895,-7.8034682080924895,-7.8034682080924895,True,True,True,True,2025-04-15,3.32,2025-04-28,2.78,2025-05-08,3.53,2025-06-03,3.04,13.88,3.343,2025-06-19,936,924,True,2025-06-19,936,161.2,False,1099
600853,-2.2421524663677084,-2.2421524663677084,-2.2421524663677084,-2.2421524663677084,True,True,True,True,2025-07-23,4.43,2025-09-23,3.93,2025-11-14,4.58,2025-11-21,4.11,10.26,4.4,2025-12-09,1055,1043,True,2025-12-09,1055,195.7,False,1101
600857,0.6784260515603879,0.6784260515603879,0.6784260515603879,0.6784260515603879,True,True,True,True,2025-05-19,10.69,2025-06-20,9.16,2025-08-13,14.09,2025-09-04,12.6,10.57,13.521,2025-09-22,1005,993,True,2025-09-22,1005,408.1,False,1101
600857,-22.527472527472526,-22.527472527472526,-22.527472527472526,-22.527472527472526,True,True,True,True,2025-08-13,14.09,2025-09-04,12.6,2025-10-13,17.99,2025-10-23,13.78,23.4,16.382,2025-11-10,1034,1022,True,2025-11-10,1034,116.4,False,1101
600864,-5.583756345177671,-7.438016528925628,-7.438016528925628,-8.01963993453355,True,True,True,True,2023-09-22,6.15,2023-10-13,5.39,2023-11-14,6.43,2023-12-01,5.7,11.35,6.151,2024-01-16,597,566,True,2024-01-18,599,176.7,False,1101
600866,-13.821138211382111,-13.821138211382111,-13.821138211382111,-13.821138211382111,True,True,True,True,2024-08-06,5.87,2024-09-18,4.76,2024-11-12,7.29,2024-11-27,6.18,15.23,6.866,2024-12-13,805,793,True,2024-12-13,805,158.6,False,1090
600894,-1.3899613899613916,-1.3899613899613916,-1.3899613899613916,-1.3899613899613916,True,True,True,True,2024-08-12,11.85,2024-08-21,9.51,2024-10-08,14.26,2024-12-17,12.28,13.88,13.504,2025-01-03,830,818,False,,-1,86.9,False,1101
600941,-9.40575321725966,-9.40575321725966,-9.40575321725966,-9.40575321725966,True,True,True,True,2023-01-30,79.2,2023-02-15,74.0,2023-03-16,102.72,2023-03-30,84.79,17.46,95.871,2023-04-18,310,298,True,2023-04-18,310,138.3,False,997
600966,,,,,True,True,True,True,2025-08-26,5.4,2025-09-23,4.72,2025-12-01,6.49,2025-12-16,5.72,11.86,6.196,2026-01-05,1072,1060,True,2026-01-05,1072,370.1,False,1101
600967,0.1713796058268935,0.1713796058268935,0.1713796058268935,0.1713796058268935,True,True,True,True,2024-12-10,9.66,2025-01-08,7.64,2025-02-20,10.86,2025-02-28,9.54,12.15,10.356,2025-03-18,876,864,True,2025-03-18,876,1601.5,False,1101
600971,-6.590909090909081,-6.590909090909081,-6.590909090909081,-6.590909090909081,True,True,True,True,2024-01-05,11.8,2024-01-22,9.96,2024-03-07,13.43,2024-03-21,11.72,12.73,12.777,2024-04-10,650,638,True,2024-04-11,651,153.8,False,1101
600988,,,,,True,True,True,True,2025-10-14,34.0,2025-10-22,27.12,2025-12-23,34.25,2026-01-08,30.15,11.97,32.684,2026-01-26,1087,1075,True,2026-01-26,1087,520.7,False,1101
600989,-10.691823899371066,-10.691823899371066,-10.691823899371066,-10.691823899371066,True,True,True,True,2024-12-10,16.86,2024-12-19,15.22,2025-01-27,17.64,2025-02-25,15.54,11.9,16.838,2025-03-13,873,861,True,2025-03-13,873,120.5,False,1101
600996,-11.867364746945908,-11.867364746945908,-11.867364746945908,-6.451612903225811,True,True,True,True,2022-06-22,7.53,2022-07-07,6.53,2022-07-28,12.1,2022-08-11,9.29,23.22,11.027,2022-08-29,261,249,True,2022-09-13,271,275.4,False,1101
601000,1.4234875444839812,-1.0452961672474004,-2.7303754266211677,-7.213114754098349,True,True,True,True,2022-03-03,3.09,2022-03-16,2.5,2022-04-01,3.2,2022-07-11,2.54,20.63,2.948,2022-11-30,322,226,False,,-1,80.3,False,1101
601000,15.658362989323837,15.658362989323837,20.819112627986346,29.934210526315795,True,True,True,True,2022-10-19,2.69,2022-10-31,2.48,2022-12-08,3.07,2022-12-23,2.65,13.68,2.91,2023-02-23,377,339,True,2023-03-03,383,438.1,False,1101
601007,-1.9417475728155331,-1.9417475728155331,-1.9417475728155331,-4.656084656084647,True,True,True,True,2022-03-08,7.13,2022-03-15,5.97,2022-04-15,10.12,2022-04-26,7.38,27.08,9.073,2022-05-17,188,176,True,2022-05-31,198,138.7,False,1101
601009,-2.0947176684881663,-2.0947176684881663,-2.0947176684881663,-2.0947176684881663,True,True,True,True,2021-12-09,9.45,2021-12-27,8.79,2022-02-11,10.54,2022-03-16,9.2,12.71,10.028,2022-04-01,161,149,True,2022-04-01,161,241.8,False,1101
601012,-7.6649746192893335,-7.6649746192893335,-7.6649746192893335,-7.6649746192893335,True,True,True,True,2025-07-24,16.88,2025-08-15,15.5,2025-09-08,18.45,2025-09-23,16.07,12.9,17.541,2025-10-17,1018,1006,True,2025-10-17,1018,315.1,True,1101
601020,21.81899641577061,21.81899641577061,21.81899641577061,21.81899641577061,True,True,True,True,2025-06-12,18.53,2025-06-20,16.7,2025-07-23,22.0,2025-07-31,19.35,12.05,20.988,2025-08-18,979,967,True,2025-08-18,979,866.0,True,1100
601020,-10.180623973727421,-10.180623973727421,-10.180623973727421,-10.180623973727421,True,True,True,True,2025-07-23,22.0,2025-07-31,19.35,2025-09-02,29.1,2025-09-19,24.03,17.42,27.163,2025-10-15,1015,1003,True,2025-10-15,1015,360.4,True,1100
601020,0.17135023989034437,0.17135023989034437,0.17135023989034437,-6.961613532856203,True,True,True,True,2025-09-02,29.1,2025-09-19,24.03,2025-10-14,32.8,2025-10-23,25.25,23.02,29.916,2025-11-10,1033,1021,True,2025-11-12,1035,225.8,True,1100
601038,-6.9933920704845836,-6.9933920704845836,-6.9933920704845836,-6.9933920704845836,True,True,True,True,2024-01-04,14.82,2024-02-02,12.09,2024-03-07,17.78,2024-03-28,15.17,14.68,16.783,2024-04-17,655,643,True,2024-04-17,655,203.8,False,1101
601089,,,,,True,True,True,True,2025-10-17,24.18,2025-11-24,21.09,2025-11-27,26.66,2025-12-17,22.74,14.7,25.163,2026-01-06,854,842,True,2026-01-06,854,205.6,False,882
601107,0.7246376811594235,0.7246376811594235,7.8758949880668006,1.6279069767441978,True,True,True,True,2023-06-08,4.28,2023-06-26,3.77,2023-08-28,4.44,2023-08-31,3.92,11.71,4.241,2023-11-20,557,506,True,2023-12-05,568,298.1,False,1091
601111,-3.5347776510832207,-3.5347776510832207,-3.5347776510832207,-3.5347776510832207,True,True,True,True,2025-09-17,8.11,2025-10-09,7.59,2025-10-20,8.78,2025-11-03,7.77,11.5,8.394,2025-11-19,1041,1029,True,2025-11-19,1041,166.3,False,1101
601111,5.376344086021523,2.007083825265643,,,True,True,True,True,2025-10-20,8.78,2025-11-03,7.77,2025-11-19,9.0,2025-11-27,7.96,11.56,8.603,2025-12-17,1061,1047,True,2025-12-19,1063,143.3,False,1101
601116,-5.53470919324578,-5.53470919324578,-5.53470919324578,,True,True,True,False,2022-01-14,11.33,2022-03-15,7.7,2022-04-13,12.3,2022-04-27,8.55,30.49,10.868,2022-05-18,189,177,False,,-1,67.2,False,1101
601156,-16.984559491371478,-16.984559491371478,-16.984559491371478,-16.984559491371478,True,True,True,True,2024-01-25,17.67,2024-02-05,13.55,2024-04-03,18.68,2024-04-23,16.4,12.21,17.809,2024-05-14,671,659,True,2024-05-14,671,261.0,False,1101
601177,-22.87581699346406,-22.87581699346406,-22.87581699346406,-22.87581699346406,True,True,True,True,2023-03-27,10.64,2023-04-25,8.99,2023-06-01,11.98,2023-06-08,9.78,18.36,11.14,2023-06-28,457,445,True,2023-06-28,457,135.9,False,1098
601231,-13.82517048977061,-13.82517048977061,-13.82517048977061,-24.05498281786942,True,True,True,True,2024-11-12,16.31,2024-11-27,13.68,2024-12-30,17.3,2025-01-14,14.13,18.32,16.089,2025-02-07,849,837,True,2025-02-12,852,190.5,False,1101
601390,-10.250569476081994,-10.250569476081994,-10.250569476081994,-10.250569476081994,True,True,True,True,2022-12-06,6.53,2022-12-29,5.45,2023-03-20,8.09,2023-03-30,6.75,16.56,7.578,2023-04-18,414,402,True,2023-04-18,414,212.7,False,1101
601567,49.2407809110629,49.2407809110629,49.2407809110629,49.2407809110629,True,True,True,True,2023-10-17,18.99,2023-11-07,15.93,2024-01-05,22.02,2024-01-23,19.78,10.17,21.164,2024-02-08,614,602,True,2024-02-08,614,792.4,False,1101
601567,12.972250083584091,12.972250083584091,12.972250083584091,12.972250083584091,True,True,True,True,2024-01-05,22.02,2024-01-23,19.78,2024-03-08,30.87,2024-03-21,27.0,12.54,29.392,2024-04-10,650,638,True,2024-04-11,651,293.5,False,1101
601579,7.923930269413626,7.923930269413626,7.923930269413626,-4.38917337234821,True,True,True,True,2022-09-28,11.4,2022-10-12,9.07,2022-11-01,13.33,2022-11-23,11.06,17.03,12.463,2022-12-09,329,317,True,2022-12-14,332,230.0,False,1101
601598,-21.96836555360281,-21.96836555360281,-21.96836555360281,-21.96836555360281,True,True,True,True,2023-06-09,4.93,2023-06-26,4.39,2023-07-31,5.17,2023-08-14,4.53,12.38,4.926,2023-08-30,505,493,True,2023-08-30,505,267.2,False,1101
601607,-12.073490813648291,-12.073490813648291,-12.073490813648291,-16.090482287665388,True,True,True,True,2022-12-12,20.27,2022-12-30,17.76,2023-05-04,23.85,2023-05-17,21.37,10.4,22.903,2023-06-02,444,432,True,2023-06-09,449,105.2,False,1101
601628,-14.132379248658323,-14.132379248658323,-14.132379248658323,,True,True,True,False,2024-08-05,32.73,2024-08-12,28.96,2024-10-08,48.4,2024-10-31,41.56,14.13,45.787,2024-11-18,797,785,False,,-1,70.8,False,1101
601668,-8.662613981762924,-8.662613981762924,-8.662613981762924,-8.662613981762924,True,True,True,True,2022-12-05,6.17,2022-12-29,5.29,2023-03-20,6.54,2023-03-29,5.72,12.54,6.227,2023-04-17,413,401,True,2023-04-17,413,198.8,False,1101
601702,-5.652680652680642,-5.652680652680642,-5.096262740656843,-5.096262740656843,True,True,True,True,2023-08-31,16.85,2023-09-26,14.69,2023-11-16,18.23,2023-12-11,15.8,13.33,17.302,2023-12-28,585,572,True,2024-01-02,587,229.2,False,1101
601717,17.917511832319157,17.917511832319157,17.917511832319157,17.917511832319157,True,True,True,True,2023-11-03,13.04,2023-11-20,11.23,2024-01-17,14.05,2024-02-05,11.84,15.73,13.206,2024-02-29,623,611,True,2024-02-29,623,283.3,False,1101
601717,1.7088607594936578,1.7088607594936578,1.7088607594936578,1.7088607594936578,True,True,True,True,2024-01-17,14.05,2024-02-05,11.84,2024-03-11,15.63,2024-03-22,13.8,11.71,14.931,2024-04-11,651,639,True,2024-04-11,651,235.0,False,1101
601800,-10.441767068273089,-10.441767068273089,-10.441767068273089,-10.441767068273089,True,True,True,True,2022-12-05,9.87,2023-01-13,7.89,2023-03-20,12.78,2023-03-30,10.18,20.34,11.787,2023-04-18,414,402,True,2023-05-04,423,114.2,False,1101
601825,17.183098591549296,17.183098591549296,17.183098591549296,17.183098591549296,True,True,True,True,2024-07-02,7.16,2024-08-15,6.25,2024-08-23,7.25,2024-09-09,6.48,10.62,6.956,2024-09-27,753,741,True,2024-09-27,753,287.0,False,1088
601838,7.4332909783989765,1.596071209330896,2.0097442143726996,-5.421331761932812,True,True,True,True,2024-08-20,15.22,2024-09-12,12.83,2024-10-08,17.23,2024-10-31,15.18,11.9,16.447,2024-12-10,813,785,True,2024-12-31,828,164.9,False,1101
601872,-5.732484076433108,-5.732484076433108,-5.732484076433108,-12.91866028708133,True,True,True,True,2022-06-07,7.19,2022-07-13,5.36,2022-08-25,8.67,2022-09-01,6.93,20.07,8.005,2022-09-20,276,264,True,2022-10-19,292,105.2,False,1101
601890,-15.689655172413797,-15.689655172413797,-15.689655172413797,-15.689655172413797,True,True,True,True,2023-04-10,10.15,2023-04-24,8.89,2023-05-17,11.6,2023-06-08,10.09,13.02,11.023,2023-06-28,460,448,True,2023-06-28,460,131.8,False,1101
601890,1.0858835143139123,1.0858835143139123,6.552706552706566,,True,True,True,True,2025-09-30,10.23,2025-10-17,9.4,2025-11-04,11.36,2025-11-18,9.63,15.23,10.699,2025-12-08,1054,1040,True,2026-02-04,1094,106.9,False,1101
601898,-13.049450549450547,-13.049450549450547,-13.049450549450547,-13.049450549450547,True,True,True,True,2024-05-31,13.65,2024-07-31,11.51,2024-09-03,14.35,2024-09-11,12.3,14.29,13.567,2024-10-08,768,756,True,2024-10-08,768,176.6,False,1101
601900,-4.227129337539437,-4.227129337539437,-4.227129337539437,-4.227129337539437,True,True,True,True,2024-08-07,12.4,2024-08-28,10.92,2024-10-08,16.15,2024-11-27,13.74,14.92,15.229,2024-12-13,816,804,True,2025-01-27,846,175.9,False,1101
601918,55.877342419080065,55.877342419080065,55.877342419080065,55.877342419080065,True,True,True,True,2023-12-04,5.42,2023-12-28,5.08,2024-01-09,6.12,2024-01-23,5.12,16.34,5.738,2024-02-08,614,602,True,2024-02-19,615,559.0,False,1101
601918,2.053388090349073,2.053388090349073,2.053388090349073,2.053388090349073,True,True,True,True,2024-01-09,6.12,2024-01-23,5.12,2024-04-11,9.8,2024-04-23,8.42,14.08,9.273,2024-05-14,671,659,True,2024-05-14,671,165.9,False,1101
601956,-0.14285714285714457,-0.14285714285714457,-2.6352288488210918,-1.2362637362637319,True,True,True,True,2025-07-08,7.4,2025-08-04,6.42,2025-08-19,7.68,2025-09-03,6.55,14.71,7.248,2025-09-23,1006,992,True,2025-09-26,1009,228.3,False,1101
601958,12.34817813765181,12.34817813765181,12.34817813765181,12.34817813765181,True,True,True,True,2022-08-23,9.08,2022-10-10,7.43,2022-10-18,9.9,2022-11-01,8.18,17.37,9.243,2022-11-17,313,301,True,2022-11-17,313,420.9,False,1101
601958,29.866412213740446,29.866412213740446,29.866412213740446,29.866412213740446,True,True,True,True,2022-10-18,9.9,2022-11-01,8.18,2022-11-09,10.8,2022-12-08,9.61,11.02,10.345,2022-12-26,340,328,True,2022-12-27,341,488.2,False,1101
601985,-10.104986876640421,-15.143929912390487,-15.143929912390487,,True,True,True,False,2022-02-11,7.88,2022-02-24,6.86,2022-03-10,8.32,2022-03-28,7.26,12.74,7.915,2022-04-19,171,157,False,,-1,78.3,False,1101
603004,,,,,True,True,True,True,2025-08-11,23.95,2025-08-28,21.43,2025-09-08,26.39,2025-11-24,22.28,15.57,24.82,2026-01-13,494,460,False,,-1,80.8,True,517
603006,-21.729490022172946,-21.729490022172946,-21.729490022172946,-21.729490022172946,True,True,True,True,2024-08-02,9.61,2024-08-28,8.37,2024-10-08,12.18,2024-11-01,9.58,21.35,11.187,2024-11-19,798,786,True,2024-11-19,798,176.2,False,1101
603011,31.424025457438344,31.424025457438344,31.424025457438344,31.424025457438344,True,True,True,True,2024-11-21,9.33,2025-01-06,6.19,2025-04-02,14.6,2025-04-29,9.3,36.3,12.575,2025-05-20,917,905,True,2025-05-26,921,367.5,False,1101
603013,-2.9669870455495184,-2.9669870455495184,-2.9669870455495184,-2.9669870455495184,True,True,True,True,2025-05-23,20.97,2025-06-23,16.07,2025-07-17,23.78,2025-08-04,19.91,16.27,22.302,2025-08-20,982,970,True,2025-08-20,982,268.2,False,1101
603023,-18.691588785046733,-18.691588785046733,-18.691588785046733,-18.691588785046733,True,True,True,True,2022-03-03,4.49,2022-03-16,3.87,2022-04-25,5.38,2022-04-28,3.96,26.39,4.838,2022-05-19,180,168,True,2022-05-19,180,114.1,False,1079
603023,11.627906976744185,5.303030303030298,3.170731707317098,-1.654846335697402,True,True,True,True,2025-05-07,3.76,2025-05-26,3.43,2025-06-05,4.45,2025-06-19,3.51,21.12,4.091,2025-08-05,949,916,True,2025-08-12,954,305.3,False,1079
603023,-2.5688073394495525,-2.5688073394495525,-2.5688073394495525,-2.5688073394495525,True,True,True,True,2025-09-15,4.74,2025-10-13,3.95,2025-11-13,4.81,2025-11-21,3.99,17.05,4.497,2025-12-09,1033,1021,True,2025-12-09,1033,312.2,False,1079
603038,3.5869565217391264,6.97916666666667,7.900207900207912,-4.757185332011893,True,True,True,True,2023-05-12,8.63,2023-06-01,7.91,2023-06-07,10.47,2023-06-26,8.45,19.29,9.698,2023-07-26,480,458,True,2023-07-31,483,262.4,True,1099
603040,0.38152874621759647,0.38152874621759647,0.38152874621759647,0.38152874621759647,True,True,True,True,2025-05-19,49.11,2025-06-23,35.11,2025-08-25,70.58,2025-09-05,59.63,15.51,66.397,2025-09-23,1006,994,True,2025-09-23,1006,593.2,False,1101
603056,-16.136363636363637,-16.136363636363637,-16.136363636363637,-19.04971403431589,True,True,True,True,2022-10-18,18.11,2022-11-03,16.0,2022-12-08,22.94,2022-12-26,19.3,15.87,21.55,2023-01-12,341,329,True,2023-01-16,343,101.4,False,1071
603069,11.581769436997313,23.110151187904982,13.89320891653707,0.5285920230658547,True,True,True,True,2025-01-17,20.47,2025-04-08,15.24,2025-04-14,21.02,2025-04-29,17.11,18.6,19.526,2025-06-04,909,887,True,2025-06-18,919,351.4,False,1083
603076,9.118900994789204,5.8984910836762605,5.8984910836762605,-24.243052675238484,True,True,True,True,2023-02-28,46.38,2023-03-20,36.66,2023-04-11,48.1,2023-04-28,38.81,19.31,44.551,2023-05-22,435,422,True,2023-06-19,455,123.7,False,1101
603079,6.949352179034163,6.949352179034163,13.590504451038576,10.178263369752738,True,True,True,True,2025-03-14,14.93,2025-04-08,13.46,2025-04-11,18.22,2025-05-16,15.5,14.93,17.181,2025-06-17,936,915,True,2025-07-17,958,239.0,False,1101
603080,15.629139072847686,15.629139072847686,15.629139072847686,15.629139072847686,True,True,True,True,2024-07-30,14.39,2024-08-23,12.75,2024-08-27,14.59,2024-09-18,12.81,12.2,13.91,2024-10-11,771,759,True,2024-10-11,771,327.0,False,1101
603083,-19.885714285714286,-19.885714285714286,-19.885714285714286,-19.885714285714286,True,True,True,True,2022-12-05,13.47,2023-01-03,11.07,2023-05-04,65.94,2023-05-17,51.01,22.64,60.237,2023-06-02,444,432,True,2023-06-02,444,184.8,False,1101
603086,-7.721639656816015,-7.721639656816015,-7.721639656816015,-7.721639656816015,True,True,True,True,2025-03-04,6.9,2025-04-08,4.65,2025-05-07,10.3,2025-05-29,8.45,17.96,9.593,2025-06-17,936,924,True,2025-06-17,936,203.2,True,1101
603101,10.987261146496795,1.7804154302670572,1.7804154302670572,-1.3062409288824406,True,True,True,True,2023-05-05,6.15,2023-06-01,5.62,2023-06-14,7.28,2023-06-27,5.86,19.51,6.738,2023-07-18,474,459,True,2023-07-31,483,220.4,False,1101
603101,-1.0101010101010055,-1.0101010101010055,-6.629834254143652,-12.586445366528354,True,True,True,True,2023-07-31,7.56,2023-08-29,5.94,2023-09-28,7.88,2023-10-23,6.04,23.35,7.177,2023-11-09,550,537,True,2024-01-15,596,119.6,False,1101
603101,-11.938534278959823,-11.938534278959823,-11.938534278959823,-11.938534278959823,True,True,True,True,2025-03-05,7.68,2025-04-09,6.08,2025-04-14,8.28,2025-05-26,7.45,10.02,7.963,2025-06-12,933,921,True,2025-06-12,933,834.9,False,1101
603102,8.196721311475418,8.196721311475418,0.7095553453169368,0.7095553453169368,True,True,True,True,2025-02-12,37.15,2025-02-28,34.03,2025-03-14,42.85,2025-04-07,36.78,14.17,40.531,2025-04-24,784,771,True,2025-05-16,797,291.6,False,983
603111,-2.6915113871635588,-2.6915113871635588,-2.6915113871635588,-6.199999999999994,True,True,True,True,2023-02-20,4.87,2023-04-06,4.43,2023-04-21,5.07,2023-05-25,4.54,10.45,4.868,2023-06-13,451,438,True,2023-06-29,461,232.1,False,1101
603119,,,,,True,True,True,True,2025-10-31,103.0,2025-11-14,81.0,2025-12-09,104.08,2025-12-24,88.36,15.1,98.075,2026-01-13,594,582,True,2026-01-13,594,230.0,True,617
603129,16.63855686734619,16.63855686734619,13.567730802415866,2.8050202318085304,True,True,True,True,2022-10-21,151.0,2022-12-23,110.35,2023-03-01,153.56,2023-04-10,118.53,22.81,140.179,2023-04-27,421,408,True,2023-06-06,446,150.7,False,1101
603139,15.214994487320821,9.778012684989413,8.082329317269066,2.3368606701940076,True,True,True,True,2024-12-16,17.5,2025-01-06,12.82,2025-03-24,22.77,2025-04-09,15.11,33.64,19.844,2025-04-30,904,889,True,2025-06-11,930,197.0,False,1099
603166,-15.856236786469358,-15.856236786469358,-15.856236786469358,-15.856236786469358,True,True,True,True,2025-06-11,17.24,2025-06-23,13.7,2025-07-21,18.44,2025-08-04,16.25,11.88,17.603,2025-08-20,982,970,True,2025-08-20,982,248.4,False,1101
603166,-26.585365853658537,-26.585365853658537,-26.585365853658537,-26.585365853658537,True,True,True,True,2025-07-21,18.44,2025-08-04,16.25,2025-08-25,19.76,2025-09-11,16.4,17.0,18.476,2025-09-29,1010,998,True,2025-09-29,1010,145.8,False,1101
603172,-3.812154696132608,-3.812154696132608,-3.812154696132608,-3.812154696132608,True,True,True,True,2025-06-10,16.59,2025-06-23,14.41,2025-08-12,17.89,2025-09-23,15.67,12.41,17.042,2025-10-17,591,579,True,2025-10-17,591,696.4,False,674
603178,-16.004001000250057,-16.004001000250057,-16.004001000250057,-26.935483870967737,True,True,True,True,2023-07-05,16.36,2023-08-25,10.55,2023-10-26,45.84,2023-11-13,31.25,31.83,40.267,2023-11-29,564,552,True,2023-12-04,567,169.4,False,1101
603189,6.314797360980218,6.314797360980218,6.314797360980218,6.314797360980218,True,True,True,True,2025-05-08,20.79,2025-06-23,15.75,2025-08-18,23.97,2025-09-05,19.57,18.36,22.289,2025-09-23,1006,994,True,2025-10-09,1012,137.7,False,1101
603196,3.6600244001626647,3.6600244001626647,3.6600244001626647,3.6600244001626647,True,True,True,True,2025-10-27,24.49,2025-11-06,22.06,2025-11-14,25.99,2025-11-25,22.16,14.74,24.527,2025-12-11,1037,1025,True,2025-12-11,1037,186.2,False,1081
603197,-13.867538838920678,-13.867538838920678,-17.830464436505356,,True,True,True,False,2023-08-07,60.98,2023-08-22,52.16,2023-10-09,65.67,2023-10-23,57.85,11.91,62.683,2023-11-23,560,537,False,,-1,62.7,False,1101
603199,-9.343065693430653,-9.343065693430653,-9.343065693430653,-9.343065693430653,True,True,True,True,2023-03-06,27.81,2023-03-16,25.05,2023-04-28,34.16,2023-05-19,28.23,17.36,31.895,2023-06-06,446,434,True,2023-06-06,446,196.5,False,1101
603216,63.69565217391306,63.69565217391306,63.69565217391306,63.69565217391306,True,True,True,True,2025-06-06,13.77,2025-07-09,12.15,2025-08-12,16.36,2025-09-04,13.84,15.4,15.397,2025-09-22,915,903,True,2025-09-22,915,1785.7,False,1002
603219,-26.77313292625646,-26.77313292625646,-26.77313292625646,-26.77313292625646,True,True,True,True,2022-09-01,21.95,2022-09-19,18.4,2022-10-11,22.39,2022-10-31,19.5,12.91,21.286,2022-11-16,239,227,True,2022-11-16,239,102.1,True,1028
603220,92.3742563547864,92.3742563547864,92.3742563547864,92.3742563547864,True,True,True,True,2023-03-02,13.8,2023-03-30,12.67,2023-07-19,19.5,2023-08-02,15.55,20.26,17.991,2023-08-18,497,485,True,2023-08-18,497,888.1,True,1101
603225,12.970711297071148,12.970711297071148,12.970711297071148,12.970711297071148,True,True,True,True,2023-04-18,11.72,2023-05-19,9.75,2023-06-14,11.86,2023-06-26,10.4,12.31,11.302,2023-07-12,470,458,True,2023-07-12,470,283.6,False,1101
603227,-17.383177570093455,-17.383177570093455,-22.296650717703347,-20.196604110813222,True,True,True,True,2022-06-13,9.11,2022-06-23,7.72,2022-07-20,11.8,2022-08-04,9.6,18.64,10.96,2022-08-26,250,234,True,2022-09-06,257,129.5,False,1088
603227,-13.664596273291929,-13.664596273291929,-13.664596273291929,-13.664596273291929,True,True,True,True,2025-01-21,9.03,2025-02-17,8.0,2025-03-18,9.58,2025-04-07,8.24,13.99,9.068,2025-04-23,888,876,True,2025-04-23,888,160.4,False,1088
603236,19.901749341001683,19.901749341001683,15.368271954674206,15.495391705069128,True,True,True,True,2025-05-07,79.52,2025-05-30,70.38,2025-07-01,88.75,2025-07-23,79.69,10.21,85.289,2025-08-11,975,962,True,2025-08-18,980,368.1,True,1101
603238,1.0660980810234477,1.0660980810234477,1.0660980810234477,1.0660980810234477,True,True,True,True,2023-07-31,13.19,2023-08-24,11.63,2023-10-09,13.6,2023-10-19,12.1,11.03,13.027,2023-11-06,547,535,True,2023-11-06,547,184.0,False,1101
603238,-5.323383084577116,-5.323383084577116,-5.323383084577116,-8.517805582290661,True,True,True,True,2025-06-12,19.81,2025-07-07,16.25,2025-07-29,21.4,2025-08-01,17.01,20.51,19.723,2025-08-19,981,969,True,2025-08-21,983,150.1,False,1101
603259,-6.255598686174979,-6.255598686174979,-6.255598686174979,-6.255598686174979,True,True,True,True,2024-12-10,60.74,2025-01-08,51.13,2025-02-21,69.25,2025-03-05,59.52,14.05,65.533,2025-03-21,879,867,True,2025-03-21,879,578.3,False,1101
603261,24.565217391304373,24.565217391304373,24.565217391304373,24.565217391304373,True,True,True,True,2023-10-09,35.5,2023-10-23,30.5,2023-11-16,35.77,2023-12-21,31.85,10.96,34.273,2024-01-09,444,432,True,2024-01-09,444,471.4,False,952
603268,,,,,True,True,True,True,2025-08-21,60.0,2025-09-26,45.57,2025-12-04,84.89,2025-12-18,72.21,14.94,80.046,2026-01-07,1065,1053,True,2026-01-07,1065,187.6,False,1092
603286,15.52941176470588,15.52941176470588,15.52941176470588,15.52941176470588,True,True,True,True,2023-06-30,21.77,2023-08-17,16.86,2023-10-09,22.53,2023-10-23,17.3,23.21,20.532,2023-11-08,549,537,True,2023-11-08,549,462.9,False,1101
603286,4.332634521313761,4.332634521313761,4.332634521313761,4.332634521313761,True,True,True,True,2025-06-27,30.68,2025-07-10,26.95,2025-08-25,38.6,2025-09-04,29.61,23.29,35.166,2025-09-22,1005,993,True,2025-09-22,1005,613.8,False,1101
603296,11.220657276995304,11.220657276995304,7.80401416765053,0.8970099667774178,True,True,True,True,2025-05-12,77.97,2025-05-30,65.0,2025-07-15,92.1,2025-07-28,78.68,14.57,86.974,2025-08-14,489,476,True,2025-08-21,494,241.1,True,612
603296,-13.934104726416951,-13.934104726416951,-13.934104726416951,-13.934104726416951,True,True,True,True,2025-07-15,92.1,2025-07-28,78.68,2025-09-01,103.5,2025-09-04,82.51,20.28,95.482,2025-09-22,516,504,True,2025-09-22,516,135.9,True,612
603306,14.402759810263044,14.402759810263044,14.402759810263044,14.402759810263044,True,True,True,True,2025-01-23,41.05,2025-04-09,26.56,2025-06-23,45.15,2025-07-10,40.36,10.61,43.32,2025-07-28,955,943,True,2025-07-28,955,712.1,False,1091
603308,,,,,True,True,True,True,2025-11-06,44.44,2025-12-02,35.0,2025-12-15,45.36,2026-01-06,39.39,13.16,43.079,2026-01-22,1085,1073,True,2026-01-22,1085,467.3,False,1101
603312,7.606263982102912,7.606263982102912,3.683976919662668,-3.6905466745608906,True,True,True,True,2025-04-25,41.89,2025-06-17,34.1,2025-08-20,48.46,2025-09-04,40.7,16.01,45.496,2025-09-23,412,399,True,2025-09-25,414,311.3,True,507
603315,-1.0033444816053394,-1.0033444816053394,-1.0033444816053394,2.9391660970608413,True,True,True,True,2025-10-10,14.1,2025-10-30,12.55,2025-11-18,15.99,2025-11-24,13.77,13.88,15.142,2025-12-10,1045,1033,True,2025-12-11,1046,141.9,False,1090
603316,5.656350053361803,5.656350053361803,5.656350053361803,5.656350053361803,True,True,True,True,2025-02-27,7.14,2025-04-09,4.46,2025-06-06,7.15,2025-06-23,6.32,11.61,6.833,2025-07-09,952,940,True,2025-07-09,952,1394.0,False,1101
603325,-8.224663723174874,-8.224663723174874,-8.224663723174874,-8.224663723174874,True,True,True,True,2024-11-20,88.5,2025-01-08,69.2,2025-03-18,97.03,2025-04-09,83.04,14.42,91.686,2025-04-25,310,298,True,2025-04-25,310,185.5,True,508
603331,-16.299559471365633,-16.299559471365633,-16.299559471365633,-16.299559471365633,True,True,True,True,2022-01-13,13.32,2022-01-26,11.33,2022-02-16,13.35,2022-02-28,11.61,13.03,12.685,2022-03-16,149,137,True,2022-03-16,149,146.6,False,1101
603335,0.8250825082508406,,,,True,True,True,False,2025-09-26,6.33,2025-10-14,5.25,2025-11-13,6.71,2025-11-21,5.76,14.16,6.347,2026-02-09,1097,1043,False,,-1,70.5,False,1101
603336,14.39114391143912,14.39114391143912,14.39114391143912,14.39114391143912,True,True,True,True,2025-01-23,4.9,2025-02-19,4.25,2025-03-03,5.3,2025-03-31,4.4,16.98,4.956,2025-04-17,897,885,True,2025-04-17,897,706.7,True,1096
603336,26.215277777777768,26.42140468227423,28.205128205128194,18.832116788321173,True,True,True,True,2025-03-03,5.3,2025-03-31,4.4,2025-04-09,6.97,2025-04-24,4.99,28.41,6.214,2025-06-06,929,902,True,2025-06-17,931,291.4,True,1096
603337,10.582362728785345,10.582362728785345,10.582362728785345,10.582362728785345,True,True,True,True,2024-07-16,29.96,2024-08-29,24.29,2024-10-29,31.58,2024-11-18,28.18,10.77,30.281,2024-12-04,809,797,True,2025-01-20,841,484.7,False,1101
603358,2.9995162070633574,2.9995162070633574,2.9995162070633574,3.078358208955234,True,True,True,True,2025-05-12,37.1,2025-06-23,32.55,2025-09-01,43.7,2025-09-19,39.1,10.53,41.943,2025-10-15,1011,999,True,2025-10-31,1023,393.0,False,1096
603368,-14.408514121981163,-14.408514121981163,-14.408514121981163,-16.3403915301638,True,True,True,True,2022-12-05,23.07,2022-12-27,17.98,2023-03-16,25.6,2023-03-28,22.19,13.32,24.297,2023-04-14,412,400,True,2023-04-18,414,112.0,False,1101
603377,23.202614379084974,23.202614379084974,23.202614379084974,23.202614379084974,True,True,True,True,2025-01-02,2.52,2025-01-13,2.15,2025-03-28,3.29,2025-04-09,2.68,18.54,3.057,2025-04-25,902,890,True,2025-08-21,940,321.3,False,1058
603381,-13.781512605042023,-13.781512605042023,-13.781512605042023,-16.470588235294127,True,True,True,True,2025-07-01,23.8,2025-08-01,20.7,2025-09-01,25.58,2025-09-10,22.4,12.43,24.365,2025-09-26,308,296,True,2026-02-06,395,308.8,False,400
603393,9.152181624689604,9.152181624689604,3.2899246058944565,3.2899246058944565,True,True,True,True,2023-07-20,27.9,2023-08-17,24.17,2023-09-19,30.18,2023-10-23,26.6,11.86,28.812,2023-11-10,551,537,True,2023-11-15,554,234.6,False,1101
603456,-5.938600905888269,-5.938600905888269,-5.231388329979881,-4.424778761061942,True,True,True,True,2025-07-30,19.98,2025-08-28,17.12,2025-09-16,20.81,2025-10-23,18.45,11.34,19.908,2025-11-11,1035,1022,True,2025-11-14,1038,161.0,False,1101
603496,-25.28507684680219,-25.28507684680219,-25.28507684680219,-15.112682280159074,True,True,True,True,2023-01-20,18.73,2023-02-20,17.02,2023-03-02,21.8,2023-03-31,17.74,18.62,20.249,2023-04-19,415,403,True,2023-07-17,473,621.9,True,1092
603500,28.079911209766916,34.6782988004362,30.20719738276989,16.805845511482254,True,True,True,True,2025-03-17,8.55,2025-04-09,6.16,2025-05-14,9.65,2025-05-30,8.67,10.16,9.276,2025-07-01,946,925,True,2025-07-14,955,511.2,True,1101
603500,-5.017006802721092,-5.017006802721092,-8.548387096774201,-8.548387096774201,True,True,True,True,2025-06-10,9.73,2025-06-23,8.56,2025-08-19,13.09,2025-09-03,10.71,18.18,12.181,2025-10-16,1017,992,True,2025-10-27,1024,142.4,True,1101
603506,-1.7870439314966458,-1.7870439314966458,-1.7870439314966458,-4.139900071377589,True,True,True,True,2025-03-20,12.28,2025-04-09,8.65,2025-06-04,14.98,2025-06-23,11.51,23.16,13.654,2025-07-09,952,940,True,2025-09-12,999,130.5,False,1101
603516,4.642593957258656,4.642593957258656,4.642593957258656,4.642593957258656,True,True,True,True,2025-06-12,37.43,2025-06-23,33.21,2025-08-18,126.69,2025-09-03,91.59,27.71,113.282,2025-09-19,1004,992,True,2025-09-19,1004,501.5,False,1101
603516,-0.8416692372097079,-0.8416692372097079,-0.8416692372097079,-0.8416692372097079,True,True,True,True,2025-08-18,126.69,2025-09-03,91.59,2025-10-14,192.0,2025-10-21,145.68,24.12,174.306,2025-11-06,1032,1020,True,2025-11-06,1032,263.2,False,1101
603533,-25.915313594396693,-25.915313594396693,-25.915313594396693,-25.915313594396693,True,True,True,True,2023-03-28,28.7,2023-04-26,21.61,2023-05-08,33.18,2023-05-25,21.94,33.88,28.886,2023-06-12,450,438,True,2023-06-12,450,147.5,False,1101
603557,19.10112359550562,19.10112359550562,17.164179104477604,,True,True,True,True,2025-09-29,2.71,2025-10-31,2.22,2025-11-14,2.99,2025-11-24,2.4,19.73,2.765,2025-12-15,1059,1044,True,2026-02-04,1094,155.9,False,1101
603567,-9.170052234474756,-9.170052234474756,-9.170052234474756,-9.170052234474756,True,True,True,True,2022-12-12,17.0,2022-12-28,11.82,2023-04-19,17.45,2023-04-26,15.1,13.47,16.552,2023-05-17,432,420,True,2023-05-18,433,117.9,False,1101
603569,-5.474452554744536,-5.474452554744536,-2.4390243902438935,-5.102040816326547,True,True,True,True,2025-03-18,7.96,2025-03-31,7.01,2025-04-11,8.98,2025-04-29,7.31,18.6,8.342,2025-05-28,923,905,True,2025-08-26,986,197.0,False,1101
603580,-2.316602316602312,-2.316602316602312,-2.316602316602312,-5.716041794714199,True,True,True,True,2022-10-24,12.85,2022-11-23,10.67,2022-12-07,17.48,2023-01-03,14.19,18.82,16.223,2023-01-19,357,345,True,2023-02-02,362,152.0,False,1100
603602,-15.709642470205853,-15.709642470205853,-15.709642470205853,,True,True,True,False,2024-12-16,18.33,2025-01-13,13.4,2025-02-13,20.15,2025-03-03,16.71,17.07,18.836,2025-03-19,877,865,False,,-1,69.2,False,1101
603606,-2.566714198411091,-2.566714198411091,-2.566714198411091,-13.396946564885493,True,True,True,True,2024-03-25,48.3,2024-04-26,38.2,2024-06-24,51.97,2024-07-02,44.71,13.97,49.197,2024-07-22,719,705,True,2024-07-25,722,226.9,False,1101
603607,-3.234802007808135,-3.234802007808135,-3.234802007808135,-3.95299145299145,True,True,True,True,2024-07-22,15.74,2024-08-23,11.73,2024-10-31,19.7,2024-11-18,15.6,20.81,18.134,2024-12-04,809,797,True,2024-12-13,816,509.3,False,1101
603611,-4.550155118924504,-4.550155118924504,-4.550155118924504,-4.550155118924504,True,True,True,True,2024-07-31,16.49,2024-08-27,14.67,2024-10-08,20.54,2024-11-18,16.94,17.53,19.165,2024-12-04,809,797,True,2024-12-11,814,178.1,False,1101
603615,-3.473389355742307,-3.473389355742307,-3.473389355742307,-3.473389355742307,True,True,True,True,2023-09-05,9.8,2023-10-11,8.32,2023-11-24,16.5,2023-12-11,14.3,13.33,15.66,2023-12-27,584,572,True,2023-12-27,584,335.5,False,1101
603619,-11.925708699902248,17.37089201877935,18.947858472998135,18.45591594335312,True,True,True,True,2023-08-01,21.68,2023-08-30,19.03,2023-09-15,23.29,2023-10-13,19.16,17.73,21.712,2024-03-07,628,531,True,2024-03-25,640,268.3,False,1101
603629,6.903594771241828,3.4482758620689724,3.4482758620689724,2.9902912621359246,True,True,True,True,2025-07-15,25.83,2025-08-04,22.6,2025-09-01,26.59,2025-09-04,23.01,13.46,25.222,2025-09-23,1006,993,True,2025-09-25,1008,1108.1,True,1101
603648,-1.9748653500897717,-1.9748653500897717,-1.9748653500897717,-5.627705627705626,True,True,True,True,2025-04-25,11.29,2025-05-26,9.92,2025-06-11,11.99,2025-06-20,10.28,14.26,11.337,2025-07-08,951,939,True,2025-08-01,969,129.8,False,1101
603650,,,,,True,True,True,True,2025-10-13,48.18,2025-11-14,37.33,2025-12-15,51.17,2025-12-30,44.01,13.99,48.435,2026-01-19,1082,1070,True,2026-01-19,1082,286.2,False,1101
603657,-10.185739964050333,-10.185739964050333,-10.185739964050333,-10.185739964050333,True,True,True,True,2025-04-03,19.1,2025-04-09,13.37,2025-05-13,29.5,2025-05-26,20.88,29.22,26.207,2025-06-12,933,921,True,2025-06-12,933,319.4,False,1101
603660,,,,,True,True,True,True,2025-09-02,8.96,2025-10-17,7.7,2025-11-20,10.86,2025-12-05,9.29,14.46,10.26,2025-12-26,1068,1053,True,2025-12-26,1068,203.2,False,1101
603663,12.244897959183687,12.244897959183687,12.244897959183687,12.244897959183687,True,True,True,True,2024-07-12,14.9,2024-08-21,12.35,2024-09-04,15.81,2024-09-18,13.01,17.71,14.74,2024-10-11,771,759,True,2024-10-11,771,632.9,True,1101
603669,-34.46475195822455,-34.46475195822455,-34.46475195822455,-34.46475195822455,True,True,True,True,2024-10-08,5.32,2024-10-16,4.1,2024-11-13,7.15,2024-11-28,5.61,21.54,6.562,2024-12-16,817,805,True,2024-12-16,817,193.5,False,1101
603683,55.63781321184511,55.63781321184511,55.63781321184511,55.63781321184511,True,True,True,True,2025-03-04,14.38,2025-04-09,9.21,2025-06-13,16.67,2025-06-26,14.1,15.42,15.688,2025-07-14,955,943,True,2025-07-14,955,875.9,True,1101
603683,-21.55380894800484,-21.55380894800484,-21.55380894800484,-21.55380894800484,True,True,True,True,2025-06-13,16.67,2025-06-26,14.1,2025-08-20,27.52,2025-09-04,22.72,17.44,25.686,2025-09-22,1005,993,True,2025-09-22,1005,289.4,True,1101
603686,17.14812538414259,22.911392405063303,8.548009367681498,29.030439684329213,True,True,True,True,2025-04-01,15.58,2025-04-09,9.94,2025-06-03,18.7,2025-06-20,13.97,25.29,16.893,2025-07-18,959,939,True,2025-08-14,978,479.5,False,1101
603686,51.59201295196978,33.53413654618473,33.53413654618473,33.53413654618473,True,True,True,True,2025-06-27,16.98,2025-07-31,15.73,2025-08-18,20.61,2025-08-28,17.29,16.11,19.342,2025-09-16,1001,988,True,2025-09-18,1003,583.1,False,1101
603688,-8.938271604938263,-8.938271604938263,-8.938271604938263,-16.066481994459835,True,True,True,True,2025-07-02,38.53,2025-07-15,33.09,2025-08-21,43.91,2025-09-10,36.76,16.28,41.179,2025-09-26,1009,997,True,2025-10-09,1012,149.8,True,1101
603690,-15.780675359411568,-15.780675359411568,-15.780675359411568,-15.780675359411568,True,True,True,True,2024-12-04,28.04,2025-01-08,22.61,2025-03-03,29.0,2025-03-24,24.26,16.34,27.189,2025-04-10,883,871,True,2025-04-10,883,162.7,True,1092
603699,6.128334534967572,6.128334534967572,6.128334534967572,6.128334534967572,True,True,True,True,2022-12-08,11.73,2022-12-23,9.85,2023-03-16,15.2,2023-04-11,11.98,21.18,13.97,2023-04-27,421,409,True,2023-06-06,446,121.1,False,1101
603699,0.4008016032064132,0.4008016032064132,0.4008016032064132,0.4008016032064132,True,True,True,True,2023-03-16,15.2,2023-04-11,11.98,2023-06-06,15.48,2023-06-14,12.74,17.7,14.433,2023-07-04,464,452,True,2023-07-14,472,114.6,False,1101
603701,-2.4161073825503476,-2.4161073825503476,-2.4161073825503476,-2.4161073825503476,True,True,True,True,2024-06-19,11.76,2024-07-09,9.48,2024-10-29,14.65,2024-11-18,12.82,12.49,13.951,2024-12-04,809,797,True,2024-12-04,809,345.4,False,1101
603716,27.448453608247412,27.448453608247412,27.448453608247412,27.448453608247412,True,True,True,True,2025-03-13,14.62,2025-04-09,8.1,2025-06-11,14.81,2025-06-23,11.65,21.34,13.603,2025-07-09,952,940,True,2025-07-09,952,837.7,False,1101
603721,-5.04750593824228,-12.527716186252768,-12.527716186252768,-9.444444444444445,True,True,True,True,2022-12-05,18.1,2022-12-23,14.67,2023-01-04,18.91,2023-01-13,15.64,17.29,17.661,2023-02-10,368,353,True,2023-03-07,385,171.9,False,1100
603722,3.1826861871419476,3.1826861871419476,3.1826861871419476,-1.1912225705329127,True,True,True,True,2023-08-21,47.7,2023-09-20,43.2,2023-09-25,49.88,2023-10-24,44.46,10.87,47.81,2023-11-09,550,538,True,2023-11-17,556,273.6,False,1101
603766,10.331384015594548,10.331384015594548,10.331384015594548,10.331384015594548,True,True,True,True,2022-06-20,5.15,2022-07-13,4.4,2022-08-09,5.25,2022-09-01,4.72,10.1,5.048,2022-09-20,276,264,True,2022-09-22,278,262.3,False,1101
603778,-9.34393638170975,-9.34393638170975,-9.34393638170975,-15.065913370998118,True,True,True,True,2022-01-11,5.32,2022-02-11,3.91,2022-03-15,5.48,2022-03-29,4.1,25.18,4.953,2022-04-18,168,156,True,2022-04-21,171,143.5,False,1094
603787,-7.836338418862699,-7.836338418862699,-7.836338418862699,,True,True,True,False,2025-08-21,13.99,2025-10-13,11.7,2025-11-17,15.34,2025-11-21,13.41,12.58,14.603,2025-12-09,1055,1043,False,,-1,66.8,False,1101
603790,-7.12489522212908,-7.12489522212908,-7.12489522212908,-7.12489522212908,True,True,True,True,2022-08-11,11.34,2022-10-10,8.9,2022-12-06,11.43,2022-12-29,9.85,13.82,10.826,2023-01-17,355,343,True,2023-01-17,355,370.3,False,1090
603790,22.07176709546379,22.07176709546379,22.07176709546379,22.07176709546379,True,True,True,True,2024-12-10,12.76,2025-01-06,9.89,2025-02-05,13.34,2025-02-28,11.98,10.19,12.82,2025-03-18,865,853,True,2025-03-18,865,724.3,False,1090
603803,-53.1219028741328,-53.1219028741328,-53.1219028741328,-53.1219028741328,True,True,True,True,2023-10-13,8.63,2023-10-27,7.77,2023-11-02,9.65,2023-11-23,8.5,11.92,9.211,2023-12-11,572,560,True,2023-12-11,572,218.3,False,1101
603810,-10.724808485562754,-10.724808485562754,-10.724808485562754,-10.724808485562754,True,True,True,True,2025-03-05,14.25,2025-04-09,10.56,2025-06-06,17.15,2025-06-20,15.19,11.43,16.401,2025-07-08,951,939,True,2025-08-05,971,210.7,False,1101
603813,,,,,True,True,True,True,2025-07-18,16.77,2025-08-19,15.21,2025-11-14,41.75,2025-12-05,35.1,15.93,39.21,2025-12-23,1064,1052,True,2026-01-09,1075,183.2,False,1100
603815,-46.675997200839745,-46.675997200839745,-46.675997200839745,-46.675997200839745,True,True,True,True,2025-07-22,8.64,2025-08-04,7.74,2025-10-14,14.8,2025-10-23,12.23,17.36,13.818,2025-11-10,1024,1012,True,2025-11-10,1024,105.1,False,1091
603817,14.263803680981614,14.263803680981614,14.263803680981614,11.976047904191622,True,True,True,True,2025-07-21,6.16,2025-08-28,5.81,2025-09-05,6.97,2025-09-23,6.04,13.34,6.615,2025-10-17,1018,1006,True,2025-10-24,1023,377.4,False,1101
603823,7.8076202373516645,7.8076202373516645,7.8076202373516645,19.272727272727263,True,True,True,True,2025-09-02,16.23,2025-09-23,12.81,2025-10-13,17.17,2025-10-31,14.47,15.73,16.139,2025-11-18,1040,1028,True,2025-12-01,1049,211.5,True,1101
603828,-30.712530712530718,-30.712530712530718,-30.712530712530718,-30.712530712530718,True,True,True,True,2023-09-22,3.76,2023-10-23,3.28,2023-11-21,3.88,2023-12-27,3.49,10.05,3.731,2024-01-15,596,584,True,2024-01-15,596,194.9,False,1095
603839,-1.1600928074245953,-15.71125265392781,-15.71125265392781,-13.081081081081091,True,True,True,True,2025-07-01,7.38,2025-07-15,6.88,2025-08-01,10.38,2025-08-28,7.46,28.13,9.265,2025-10-10,1013,988,False,,-1,94.2,False,1101
603859,-16.097254244393213,-16.097254244393213,-16.097254244393213,-14.949825926684412,True,True,True,True,2023-04-18,48.93,2023-05-15,40.82,2023-06-07,51.25,2023-06-28,44.81,12.57,48.79,2023-07-14,472,460,False,,-1,86.8,True,1101
603861,-7.777777777777772,-7.777777777777772,-13.834726090993499,-13.834726090993499,True,True,True,True,2024-08-01,7.96,2024-08-23,7.08,2024-11-14,11.04,2024-11-27,8.99,18.57,10.257,2024-12-17,818,804,True,2024-12-18,819,139.5,False,1101
603863,-11.216730038022815,-11.216730038022815,-11.216730038022815,-11.216730038022815,True,True,True,True,2022-12-14,14.25,2022-12-27,10.76,2023-05-08,18.52,2023-06-13,16.66,10.04,17.809,2023-07-03,462,450,True,2023-07-03,462,1481.2,False,1095
603863,-16.104078762306607,-16.104078762306607,-16.104078762306607,-16.104078762306607,True,True,True,True,2023-08-11,21.79,2023-08-25,18.02,2023-10-31,40.7,2023-11-15,35.0,14.0,38.523,2023-12-01,565,553,True,2023-12-01,565,201.4,False,1095
603868,22.952051705997278,22.952051705997278,22.952051705997278,22.952051705997278,True,True,True,True,2022-02-15,49.79,2022-03-15,42.0,2022-03-31,51.96,2022-04-27,45.34,12.74,49.431,2022-05-18,189,177,True,2022-05-18,189,727.9,False,1101
603868,14.568599717114573,14.568599717114573,14.568599717114573,14.568599717114573,True,True,True,True,2022-03-31,51.96,2022-04-27,45.34,2022-05-09,74.86,2022-06-06,62.91,15.96,70.295,2022-06-22,213,201,True,2022-06-28,217,256.2,False,1101
603879,11.690363349131117,11.690363349131117,11.690363349131117,11.690363349131117,True,True,True,True,2025-02-20,4.62,2025-04-09,3.92,2025-05-07,5.75,2025-05-26,4.65,19.13,5.33,2025-06-12,931,919,True,2025-06-12,931,290.9,False,1099
603880,1.6129032258064502,1.6129032258064502,1.6129032258064502,-2.3076923076923106,True,True,True,True,2025-05-12,5.9,2025-05-28,5.18,2025-06-16,6.8,2025-06-20,5.32,21.76,6.235,2025-07-08,944,932,True,2025-07-25,957,150.7,False,1094
603885,-16.317767042404718,-16.317767042404718,-16.317767042404718,-16.317767042404718,True,True,True,True,2022-12-19,17.5,2023-02-01,14.96,2023-03-14,18.39,2023-03-24,16.19,11.96,17.55,2023-04-12,410,398,True,2023-04-12,410,147.3,False,1101
603885,3.6516853932584192,3.6516853932584192,3.6516853932584192,3.6516853932584192,True,True,True,True,2025-08-15,12.9,2025-09-03,12.2,2025-10-20,14.55,2025-10-31,12.56,13.68,13.79,2025-11-18,1040,1028,True,2025-12-31,1071,171.4,False,1101
603897,0.9109730848861464,0.9109730848861464,0.9109730848861464,0.9109730848861464,True,True,True,True,2024-08-09,18.15,2024-08-23,16.28,2024-11-04,23.23,2024-11-18,20.22,12.96,22.08,2024-12-04,809,797,True,2024-12-04,809,363.1,False,1096
603901,11.69429097605894,11.69429097605894,11.69429097605894,11.69429097605894,True,True,True,True,2024-12-02,9.65,2025-01-06,6.7,2025-02-12,11.08,2025-03-04,8.96,19.13,10.27,2025-03-20,878,866,True,2025-03-21,879,150.9,False,1101
603908,-2.0675743822491266,-2.0675743822491266,-2.0675743822491266,-2.0675743822491266,True,True,True,True,2022-02-25,41.23,2022-03-09,31.52,2022-05-18,99.78,2022-06-02,76.5,23.33,90.887,2022-06-21,212,200,True,2022-06-21,212,156.5,True,1101
603926,-5.9058260175578585,-5.9058260175578585,-5.9058260175578585,-5.9058260175578585,True,True,True,True,2023-06-26,11.07,2023-08-25,9.29,2023-10-09,11.3,2023-10-26,10.13,10.35,10.853,2023-11-13,552,540,True,2023-11-13,552,346.2,True,1101
603927,10.315101070154565,10.315101070154565,10.315101070154565,8.465909090909074,True,True,True,True,2022-11-18,32.98,2022-12-21,26.75,2023-02-16,35.72,2023-02-28,30.85,13.63,33.86,2023-03-16,392,380,True,2023-03-17,393,310.5,True,1101
603929,-10.606060606060607,-10.606060606060607,-10.606060606060607,-10.606060606060607,True,True,True,True,2022-12-21,15.07,2022-12-26,12.07,2023-02-02,17.2,2023-02-16,14.95,13.08,16.34,2023-03-06,384,372,True,2023-03-06,384,240.9,False,1101
603933,-18.626760563380284,-18.626760563380284,-18.626760563380284,-18.626760563380284,True,True,True,True,2025-08-22,17.76,2025-09-04,15.23,2025-11-06,24.63,2025-11-21,18.26,25.86,22.197,2025-12-09,1055,1043,True,2025-12-09,1055,181.8,False,1101
603937,8.195364238410608,8.195364238410608,8.195364238410608,4.78153338829348,True,True,True,True,2025-06-09,11.47,2025-06-23,9.0,2025-08-14,13.18,2025-08-28,10.44,20.79,12.133,2025-09-15,1000,988,True,2025-09-26,1009,133.9,False,1101
603939,15.267175572519086,-15.662650602409634,-21.886792452830196,-33.18077803203662,True,True,True,True,2024-01-03,42.42,2024-01-23,36.9,2024-02-08,45.0,2024-03-06,37.6,16.44,42.173,2024-04-11,651,627,True,2024-05-06,665,125.4,True,1101
603949,-0.7452093683463445,-0.7452093683463445,-0.7452093683463445,-7.428571428571429,True,True,True,True,2022-04-11,27.4,2022-04-25,23.09,2022-06-02,29.39,2022-06-10,25.98,11.6,28.087,2022-06-28,217,205,True,2022-07-01,220,212.6,False,1101
603959,31.92182410423452,31.92182410423452,7.8078078078078095,7.714285714285718,True,True,True,True,2024-09-13,2.22,2024-10-11,1.66,2024-11-13,3.54,2024-11-20,2.63,25.71,3.192,2024-12-23,819,796,True,2024-12-25,821,306.6,False,1097
603966,9.31863727454909,9.31863727454909,9.31863727454909,13.04780876494025,True,True,True,True,2022-02-24,9.65,2022-03-16,7.67,2022-04-11,10.5,2022-04-27,8.3,20.95,9.66,2022-05-18,189,177,True,2022-06-27,216,249.5,True,1101
603977,-21.35380321004885,-21.35380321004885,-21.35380321004885,-21.35380321004885,True,True,True,True,2024-08-07,10.56,2024-09-10,8.93,2024-11-08,14.9,2024-11-25,12.58,15.57,14.014,2024-12-11,814,802,False,,-1,93.5,False,1101
603979,-12.05269716930747,-12.05269716930747,-12.05269716930747,-9.432624113475175,True,True,True,True,2023-11-21,36.2,2023-12-05,34.65,2024-04-19,58.95,2024-04-23,51.0,13.49,55.913,2024-05-14,671,659,True,2024-05-20,675,125.8,False,1101
603983,4.055766793409354,4.055766793409354,4.055766793409354,4.055766793409354,True,True,True,True,2025-01-20,34.27,2025-02-18,29.43,2025-03-18,38.5,2025-04-07,33.31,13.48,36.517,2025-04-23,901,889,True,2025-04-23,901,456.1,False,1101
603997,1.8250950570342317,1.8250950570342317,1.8250950570342317,1.8250950570342317,True,True,True,True,2025-07-18,12.82,2025-08-01,11.41,2025-08-25,12.88,2025-09-11,11.55,10.33,12.372,2025-09-29,1010,998,True,2025-09-29,1010,330.8,False,1101
605055,-8.167539267015723,-8.167539267015723,-8.167539267015723,-8.167539267015723,True,True,True,True,2025-07-10,7.93,2025-07-15,6.81,2025-08-11,8.95,2025-09-05,7.16,20.0,8.266,2025-09-23,1006,994,True,2025-09-23,1006,260.3,False,1101
605056,-1.3553329404832115,-1.3553329404832115,-1.3553329404832115,-2.488425925925919,True,True,True,True,2025-08-27,15.68,2025-09-04,13.45,2025-10-13,17.65,2025-10-23,15.62,11.5,16.875,2025-11-10,1034,1022,True,2025-11-11,1035,375.9,False,1101
605098,-1.036924633282743,-1.036924633282743,-1.036924633282743,4.633672974284342,True,True,True,True,2023-02-28,39.87,2023-05-05,32.77,2023-05-16,43.6,2023-05-29,34.77,20.25,40.227,2023-06-14,452,440,True,2023-07-19,475,129.0,True,1101
605100,62.09424083769635,62.09424083769635,62.09424083769635,62.09424083769635,True,True,True,True,2025-05-07,23.46,2025-06-20,18.47,2025-08-29,29.23,2025-09-18,24.13,17.45,27.282,2025-10-14,1015,1003,True,2025-10-14,1015,518.4,True,1101
605108,25.627118644067814,25.627118644067814,25.627118644067814,25.627118644067814,True,True,True,True,2022-07-01,24.06,2022-08-03,18.52,2022-09-16,28.28,2022-10-11,23.0,18.67,26.263,2022-10-27,298,286,True,2022-10-27,298,339.6,False,1101
605108,3.710353081986817,3.710353081986817,3.710353081986817,13.035714285714262,True,True,True,True,2022-09-16,28.28,2022-10-11,23.0,2022-11-04,35.59,2022-11-21,28.8,19.08,32.996,2022-12-07,327,315,True,2022-12-14,332,178.6,False,1101
605116,-5.404273146208638,-5.404273146208638,-5.404273146208638,,True,True,True,True,2025-06-09,22.97,2025-06-23,20.18,2025-07-30,25.05,2025-08-08,22.41,10.54,24.042,2025-08-26,986,974,True,2025-12-29,1069,498.9,False,1101
605118,-29.354702657106714,-29.354702657106714,-29.354702657106714,-29.354702657106714,True,True,True,True,2023-10-12,15.92,2023-10-23,13.7,2023-11-16,18.0,2023-12-19,15.6,13.33,17.083,2024-01-05,590,578,True,2024-01-05,590,389.6,False,1101
605155,8.567691301504276,8.567691301504276,8.567691301504276,8.567691301504276,True,True,True,True,2023-06-06,14.58,2023-06-26,13.42,2023-07-31,15.62,2023-08-25,13.95,10.69,14.982,2023-09-12,514,502,True,2023-09-12,514,302.4,True,1101
605158,-12.269129287598945,-12.269129287598945,-12.269129287598945,-12.269129287598945,True,True,True,True,2022-08-09,6.91,2022-08-29,6.35,2022-09-08,8.04,2022-09-29,7.13,11.32,7.692,2022-10-24,295,283,False,,-1,86.8,False,1101
605166,0.34602076124565784,0.34602076124565784,0.34602076124565784,0.34602076124565784,True,True,True,True,2024-08-30,9.59,2024-09-18,8.56,2024-10-08,12.0,2024-11-18,10.65,11.25,11.484,2024-12-04,809,797,True,2024-12-04,809,261.5,False,1101
605180,-26.789510985116937,-24.82223658694247,-24.82223658694247,-24.82223658694247,True,True,True,True,2023-09-20,13.75,2023-10-23,12.52,2023-11-14,15.94,2023-12-25,13.38,16.06,14.962,2024-01-17,598,582,True,2024-01-18,599,451.2,True,1101
605180,-7.828089025326168,-7.828089025326168,-1.5974440894568676,-4.104477611940305,True,True,True,True,2024-08-30,11.34,2024-09-18,10.11,2024-10-08,14.18,2024-11-04,11.6,18.19,13.194,2024-11-22,801,787,True,2024-12-13,816,189.5,True,1101
605183,-9.326923076923087,-9.326923076923087,-9.326923076923087,-9.326923076923087,True,True,True,True,2022-10-26,19.86,2022-10-31,17.35,2022-12-09,20.26,2022-12-20,17.99,11.2,19.393,2023-01-06,348,336,True,2023-01-06,348,174.0,False,1101
605196,22.466216216216228,22.466216216216228,21.410992616899115,4.294478527607359,True,True,True,True,2024-10-08,10.58,2024-10-25,8.45,2024-11-21,12.97,2024-12-20,10.95,15.57,12.198,2025-01-14,837,821,True,2025-01-20,841,394.1,False,1101
605228,-4.7878128400435145,-4.7878128400435145,-4.7878128400435145,-7.692307692307676,True,True,True,True,2022-12-15,9.22,2022-12-29,7.35,2023-02-06,9.86,2023-02-17,8.75,11.26,9.436,2023-03-07,385,373,True,2023-07-04,464,382.0,False,1101
605228,-19.970523212969795,-19.970523212969795,-19.970523212969795,-19.970523212969795,True,True,True,True,2023-09-11,12.19,2023-09-21,10.14,2023-10-25,12.53,2023-11-02,11.07,11.65,11.972,2023-11-20,557,545,True,2023-11-20,557,365.8,False,1101
605255,302.3043686989919,302.3043686989919,319.29744525547443,328.8229842446711,True,True,True,True,2025-02-21,20.27,2025-04-09,12.27,2025-06-06,22.97,2025-06-25,18.66,18.76,21.324,2025-07-21,960,942,True,2025-07-25,964,4625.5,False,1068
605259,14.827686070083978,14.827686070083978,14.827686070083978,14.827686070083978,True,True,True,True,2022-08-19,35.4,2022-09-26,30.11,2022-10-27,36.38,2022-11-14,30.8,15.34,34.248,2022-11-30,322,310,True,2023-01-04,346,224.0,True,1101
605268,4.665959703075284,4.665959703075284,4.665959703075284,4.665959703075284,True,True,True,True,2025-03-19,9.18,2025-04-09,6.86,2025-05-20,9.51,2025-06-04,8.5,10.62,9.124,2025-06-20,939,927,True,2025-06-20,939,438.6,False,1101
605268,4.943357363542722,4.943357363542722,4.943357363542722,-4.7752808988763995,True,True,True,True,2025-05-20,9.51,2025-06-04,8.5,2025-06-27,10.37,2025-07-10,8.99,13.31,9.843,2025-07-28,965,953,True,2025-07-29,966,285.5,False,1101
605288,-19.451476793248943,-19.451476793248943,-19.451476793248943,-19.451476793248943,True,True,True,True,2023-10-09,41.4,2023-10-24,37.85,2023-11-01,48.51,2023-12-27,43.58,10.16,46.627,2024-01-15,596,584,False,,-1,99.0,False,1101
605289,38.29899630216587,38.29899630216587,38.29899630216587,38.29899630216587,True,True,True,True,2023-09-11,34.29,2023-09-22,29.7,2023-10-11,36.47,2023-10-23,31.56,13.46,34.594,2023-11-08,549,537,True,2023-11-08,549,544.6,True,1101
605337,2.4038461538461453,2.4038461538461453,2.4038461538461453,-2.599388379204892,True,True,True,True,2025-01-16,12.5,2025-02-19,10.55,2025-03-24,13.74,2025-04-07,10.91,20.6,12.659,2025-04-23,901,889,True,2025-05-21,918,170.7,True,1101
605337,-5.47945205479452,-6.463595839524528,-6.268221574344035,-10.468319559228645,True,True,True,True,2025-03-24,13.74,2025-04-07,10.91,2025-04-17,14.95,2025-04-28,11.93,20.2,13.796,2025-05-27,922,904,True,2025-05-28,923,126.2,True,1101
605365,14.359974009096831,14.359974009096831,27.515923566878975,27.515923566878975,True,True,True,True,2025-07-18,16.55,2025-07-21,14.22,2025-08-21,16.6,2025-09-04,14.7,11.45,15.874,2025-10-14,1015,993,True,2025-10-23,1022,750.5,False,1101
605365,2.9970029970030065,2.9970029970030065,2.9970029970030065,-2.6540284360189625,True,True,True,True,2025-09-16,17.16,2025-09-29,14.67,2025-11-14,23.0,2025-11-21,15.97,30.57,20.315,2025-12-09,1055,1043,True,2025-12-18,1062,184.8,False,1101
605376,20.291646070192783,20.291646070192783,20.291646070192783,28.2166508987701,True,True,True,True,2025-05-13,37.4,2025-06-03,31.61,2025-06-12,42.76,2025-07-01,37.01,13.45,40.564,2025-07-17,958,946,True,2025-07-29,966,571.7,False,1101
605376,,,,,True,True,True,True,2025-09-30,65.44,2025-11-21,45.75,2025-12-29,69.88,2026-01-14,59.6,14.71,65.953,2026-01-30,1091,1079,True,2026-01-30,1091,560.0,False,1101
605389,23.584371460928644,23.584371460928644,23.584371460928644,23.584371460928644,True,True,True,True,2025-03-11,32.65,2025-04-09,24.94,2025-05-14,36.09,2025-05-29,31.91,11.58,34.493,2025-06-17,924,912,True,2025-06-18,925,1026.1,True,1084
605589,15.451691663760037,15.451691663760037,15.451691663760037,15.451691663760037,True,True,True,True,2025-05-14,28.34,2025-05-27,25.47,2025-06-06,28.85,2025-06-18,25.8,10.57,27.685,2025-07-04,943,931,True,2025-07-04,943,299.7,False,1095
605589,-21.72495554238293,-21.72495554238293,-21.72495554238293,-21.72495554238293,True,True,True,True,2025-06-06,28.85,2025-06-18,25.8,2025-09-02,34.94,2025-09-04,29.67,15.08,32.927,2025-09-22,999,987,False,,-1,88.8,False,1095
688002,0.8531746031746001,0.8531746031746001,0.8531746031746001,0.8531746031746001,True,True,True,True,2023-07-07,50.38,2023-07-28,45.25,2023-08-08,51.91,2023-08-24,45.85,11.67,49.595,2023-09-11,513,501,False,,-1,98.2,True,1101
688002,31.878787878787882,31.878787878787882,23.512787904479303,23.512787904479303,True,True,True,True,2025-03-12,67.89,2025-04-09,51.03,2025-06-30,70.7,2025-07-14,63.12,10.72,67.804,2025-08-06,972,955,True,2025-08-06,972,908.7,True,1101
688004,-10.00371885459279,-10.054644808743163,-4.719020172910671,-8.557625948930303,True,True,True,True,2025-08-12,27.7,2025-09-02,22.6,2025-09-25,29.7,2025-10-23,25.31,14.78,28.023,2025-11-13,1037,1022,True,2025-11-26,1046,126.9,True,1101
688012,-3.1000613873542138,-3.1000613873542138,-3.1000613873542138,-3.1000613873542138,True,True,True,True,2023-08-04,147.0,2023-08-23,129.21,2023-09-01,159.8,2023-09-22,136.03,14.87,150.72,2023-10-18,534,522,True,2023-10-18,534,168.2,True,1092
688018,-22.077922077922075,-22.077922077922075,-22.077922077922075,-22.077922077922075,True,True,True,True,2024-10-21,151.46,2024-11-18,118.7,2024-12-20,269.59,2025-01-07,195.6,27.45,241.326,2025-01-23,844,832,True,2025-01-23,844,126.2,True,1101
688023,0.5005362888809373,,,,True,True,True,True,2025-06-06,49.99,2025-06-23,45.0,2025-08-01,63.44,2025-08-15,55.7,12.2,60.483,2026-01-12,1077,979,True,2026-01-12,1077,140.6,True,1101
688030,-15.961750643618977,-15.961750643618977,-15.961750643618977,-15.961750643618977,True,True,True,True,2022-11-18,23.9,2022-12-29,18.92,2023-02-15,28.4,2023-03-16,23.33,17.85,26.463,2023-04-03,404,392,True,2023-04-04,405,109.3,True,1101
688031,,,,,True,True,True,True,2025-09-18,68.77,2025-10-17,50.1,2025-11-03,73.5,2025-12-05,61.56,16.24,68.939,2025-12-23,774,762,True,2025-12-23,774,1466.5,True,810
688036,-12.385191465310152,-12.385191465310152,-12.385191465310152,-12.385191465310152,True,True,True,True,2023-08-07,137.98,2023-08-25,120.58,2023-08-30,149.62,2023-09-22,129.7,13.31,142.011,2023-10-18,534,522,True,2024-02-06,612,218.4,True,1101
688041,-6.098921532168089,-6.098921532168089,-6.098921532168089,-6.098921532168089,True,True,True,True,2023-09-05,62.44,2023-10-16,50.88,2023-11-08,71.26,2023-11-24,62.79,11.89,68.024,2023-12-12,323,311,True,2023-12-12,323,324.3,True,841
688041,67.1875,67.1875,62.84166771633708,62.84166771633708,True,True,True,True,2024-06-24,77.0,2024-07-05,67.72,2024-08-01,81.3,2024-08-08,70.51,13.27,77.178,2024-08-30,498,482,True,2024-09-27,516,939.7,True,841
688049,-16.301391777315622,-16.301391777315622,-16.301391777315622,-15.340456067612818,True,True,True,True,2025-08-04,59.94,2025-08-11,48.13,2025-08-27,67.34,2025-09-09,51.9,22.93,61.442,2025-09-25,930,918,True,2025-10-14,937,106.4,True,1023
688051,-7.954787801236951,-7.954787801236951,-7.954787801236951,-7.954787801236951,True,True,True,True,2025-05-07,23.77,2025-06-23,22.94,2025-08-19,42.0,2025-09-04,34.12,18.76,38.99,2025-09-22,1005,993,True,2025-09-22,1005,300.0,True,1091
688059,-5.426060374474595,-5.426060374474595,-5.426060374474595,-5.426060374474595,True,True,True,True,2022-09-14,117.2,2022-10-12,92.01,2022-12-06,164.0,2022-12-23,137.26,16.3,153.785,2023-01-11,351,339,True,2023-01-11,351,152.4,True,1101
688059,-7.256850346281252,-7.256850346281252,-7.256850346281252,-7.256850346281252,True,True,True,True,2022-12-06,164.0,2022-12-23,137.26,2023-01-09,167.45,2023-02-01,147.68,11.81,159.898,2023-02-17,373,361,True,2023-02-17,373,131.1,True,1101
688060,-1.1773700305810597,-1.1773700305810597,-1.1773700305810597,-1.1773700305810597,True,True,True,True,2022-11-22,65.88,2022-12-23,52.04,2023-01-09,66.48,2023-01-18,56.6,14.86,62.706,2023-02-10,368,356,True,2023-02-10,368,147.3,True,1101
688062,-10.865945045795167,-10.865945045795167,12.088815789473696,9.051036682615642,True,True,True,True,2023-03-14,19.57,2023-04-04,17.37,2023-04-14,25.98,2023-05-10,21.88,15.78,24.414,2023-09-15,404,314,True,2023-09-18,405,182.2,True,988
688063,-8.612440191387572,-8.612440191387572,-8.612440191387572,-8.612440191387572,True,True,True,True,2025-07-03,49.36,2025-08-01,42.5,2025-09-08,64.9,2025-09-23,56.5,12.94,61.691,2025-10-17,1018,1006,True,2025-10-17,1018,177.9,True,1101
688065,-10.592662276575727,-10.592662276575727,-10.592662276575727,-10.592662276575727,True,True,True,True,2024-12-10,46.98,2025-01-08,36.81,2025-03-18,52.52,2025-04-07,43.07,17.99,48.91,2025-04-23,897,885,True,2025-04-23,897,138.5,True,1097
688066,-43.97229114971051,-43.97229114971051,-44.30064708810353,-44.30064708810353,True,True,True,True,2022-11-01,96.88,2022-12-19,74.6,2023-03-01,103.88,2023-03-20,92.24,11.21,99.434,2023-04-07,407,394,True,2023-04-10,408,160.1,True,1101
688068,7.787721777359091,7.787721777359091,7.787721777359091,7.787721777359091,True,True,True,True,2025-01-08,80.9,2025-02-19,56.69,2025-03-07,99.18,2025-04-09,80.59,18.74,92.079,2025-04-25,903,891,True,2025-04-25,903,977.0,True,1101
688068,-4.034896401308618,-4.034896401308618,-4.034896401308618,-4.034896401308618,True,True,True,True,2025-04-22,142.0,2025-05-15,97.81,2025-06-10,164.28,2025-06-26,123.0,25.13,148.511,2025-07-14,955,943,True,2025-07-14,955,337.3,True,1101
688068,,,,,True,True,True,False,2025-10-22,190.56,2025-11-06,134.0,2025-12-15,202.98,2025-12-24,156.24,23.03,185.125,2026-01-13,1078,1066,False,,-1,78.0,True,1101
688070,22.222222222222232,22.222222222222232,22.222222222222232,9.978004399120177,True,True,True,True,2025-05-09,43.01,2025-05-27,36.7,2025-06-03,55.5,2025-06-19,40.0,27.93,49.579,2025-07-07,950,938,True,2025-07-28,965,148.4,True,1101
688070,-11.809685641461343,-11.809685641461343,-11.809685641461343,-11.809685641461343,True,True,True,True,2025-06-03,55.5,2025-06-19,40.0,2025-07-29,61.04,2025-08-14,52.27,14.37,57.69,2025-09-01,990,978,True,2025-09-01,990,160.9,True,1101
688081,-16.68996365669556,-16.68996365669556,-16.68996365669556,-16.68996365669556,True,True,True,True,2025-05-12,22.97,2025-06-23,17.26,2025-08-26,29.68,2025-09-04,22.01,25.84,26.75,2025-09-22,1005,993,True,2025-09-22,1005,301.0,True,1101
688084,39.84890109890111,29.054054054054056,27.113346017939666,8.863636363636363,True,True,True,True,2025-03-12,81.0,2025-04-07,49.93,2025-05-12,84.0,2025-05-27,64.32,23.43,76.482,2025-06-26,615,594,True,2025-06-30,617,262.5,True,773
688085,-4.583333333333329,-4.583333333333329,-4.583333333333329,-5.30664124563075,True,True,True,True,2022-12-05,29.13,2022-12-23,24.73,2023-02-03,32.14,2023-02-20,28.5,11.33,30.75,2023-03-08,386,374,True,2023-04-28,422,185.2,True,1097
688093,18.699671935580064,18.699671935580064,18.699671935580064,18.699671935580064,True,True,True,True,2025-05-07,28.56,2025-05-28,25.15,2025-07-03,33.28,2025-07-17,29.81,10.43,31.954,2025-08-04,970,958,True,2025-08-04,970,451.3,True,1101
688097,,,,,True,True,True,True,2025-10-30,34.19,2025-11-21,30.71,2025-12-02,36.31,2025-12-16,31.66,12.81,34.534,2026-01-05,1072,1060,True,2026-01-05,1072,296.1,True,1101
688102,13.946800862688713,10.082872928176778,8.48930481283423,11.34846461949266,True,True,True,True,2025-04-14,13.08,2025-05-27,11.0,2025-06-10,16.28,2025-06-20,12.57,22.79,14.863,2025-07-29,817,790,True,2025-08-08,825,825.1,True,952
688102,48.611111111111114,48.611111111111114,51.67865707434054,39.633447880870555,True,True,True,True,2025-06-10,16.28,2025-06-20,12.57,2025-08-27,18.11,2025-09-04,14.6,19.38,16.769,2025-09-24,858,844,True,2025-10-09,863,1184.3,True,952
688103,15.783048482734552,10.11459890383657,10.11459890383657,10.11459890383657,True,True,True,True,2025-03-28,55.55,2025-04-09,41.2,2025-06-12,62.01,2025-06-23,55.8,10.01,59.638,2025-07-17,929,911,True,2025-07-29,937,370.4,True,1072
688103,-13.855072463768114,-13.855072463768114,-13.855072463768114,-13.855072463768114,True,True,True,True,2025-07-01,62.2,2025-07-16,55.4,2025-08-27,69.6,2025-09-04,61.31,11.91,66.433,2025-09-22,976,964,True,2025-09-22,976,211.0,True,1072
688110,16.415604480494395,16.415604480494395,16.415604480494395,-10.122813546706377,True,True,True,True,2024-10-22,27.5,2024-11-27,21.32,2024-12-27,28.36,2025-01-06,22.88,19.32,26.267,2025-01-22,756,744,True,2025-02-21,772,257.1,True,1011
688111,38.60604860010566,38.60604860010566,28.17679558011048,34.22307268186684,True,True,True,True,2022-11-01,308.5,2022-12-20,234.02,2023-02-06,345.0,2023-02-22,271.0,21.45,316.732,2023-03-13,389,376,True,2023-03-17,393,350.7,True,1101
688112,-4.884568651275812,-4.884568651275812,-4.884568651275812,-4.884568651275812,True,True,True,True,2025-05-08,38.0,2025-06-18,33.02,2025-07-01,38.88,2025-07-21,34.3,11.78,37.13,2025-08-06,892,880,True,2025-08-06,892,236.0,True,1021
688115,,,,,True,True,True,True,2025-10-28,68.68,2025-11-21,51.03,2025-12-01,69.7,2025-12-17,60.18,13.66,66.063,2026-01-12,920,904,True,2026-01-12,920,137.8,True,944
688123,-10.782136688872445,-10.782136688872445,-10.782136688872445,-8.98210980876003,True,True,True,True,2024-10-09,71.54,2024-11-27,52.69,2025-02-27,85.61,2025-03-13,73.52,14.12,80.992,2025-03-31,885,873,True,2025-08-25,985,301.2,True,1101
688127,-9.538894755367833,-9.538894755367833,-9.538894755367833,-9.538894755367833,True,True,True,True,2024-11-13,27.55,2024-11-27,21.55,2024-12-25,28.98,2025-01-13,22.76,21.46,26.604,2025-02-06,848,836,True,2025-02-07,849,156.3,True,1101
688128,-9.186351706036744,-9.186351706036744,-9.186351706036744,-9.186351706036744,True,True,True,True,2025-05-12,26.1,2025-06-23,23.05,2025-08-13,28.88,2025-09-02,25.67,11.11,27.654,2025-09-18,1003,991,True,2025-09-18,1003,393.1,True,1101
688138,-8.621344473984049,-8.621344473984049,-8.621344473984049,-8.936612400415667,True,True,True,True,2024-06-20,23.87,2024-09-23,16.2,2024-10-09,28.18,2024-11-04,23.21,17.64,26.281,2024-11-20,799,787,True,2025-01-17,840,155.9,True,1101
688143,-5.8550724637681295,-5.8550724637681295,-5.8550724637681295,-5.8550724637681295,True,True,True,True,2024-12-13,26.38,2025-01-06,19.4,2025-01-24,31.44,2025-03-03,27.33,13.07,29.87,2025-03-19,538,526,True,2025-03-19,538,711.2,True,762
688147,,,,,True,True,True,True,2025-10-09,62.98,2025-11-03,47.25,2025-12-11,76.55,2025-12-19,61.56,19.58,70.824,2026-01-08,736,724,True,2026-01-16,742,155.3,True,762
688148,51.68350168350167,51.68350168350167,35.802469135802475,35.802469135802475,True,True,True,True,2025-06-26,5.95,2025-07-11,5.14,2025-09-09,6.88,2025-09-23,5.41,21.37,6.318,2025-10-20,1015,1002,True,2025-10-21,1016,568.0,True,1097
688156,29.755301794453516,29.755301794453516,29.755301794453516,29.755301794453516,True,True,True,True,2022-08-23,28.59,2022-09-19,21.36,2022-11-04,30.6,2022-11-23,27.1,11.44,29.263,2022-12-09,329,317,True,2022-12-09,329,393.1,True,1101
688158,-14.28571428571428,-14.28571428571428,-14.28571428571428,-14.28571428571428,True,True,True,True,2025-05-07,23.71,2025-05-30,19.35,2025-07-31,28.2,2025-08-11,24.2,14.18,26.672,2025-08-27,987,975,True,2025-08-27,987,521.2,True,1101
688159,13.698630136986312,8.031496062992115,8.031496062992115,-19.468410798775405,True,True,True,True,2025-02-21,48.3,2025-04-09,26.76,2025-06-09,73.5,2025-06-17,55.41,24.61,66.59,2025-07-04,949,936,True,2025-08-15,979,163.3,True,1101
688166,28.643852978453733,28.643852978453733,28.643852978453733,28.643852978453733,True,True,True,True,2025-03-17,43.67,2025-04-09,32.01,2025-06-16,60.24,2025-06-30,50.5,16.17,56.519,2025-07-16,957,945,True,2025-07-16,957,740.1,True,1101
688168,-20.144991212653785,-20.144991212653785,-20.144991212653785,-20.144991212653785,True,True,True,True,2022-11-18,42.35,2022-12-29,31.19,2023-02-23,46.88,2023-03-08,41.96,10.49,45.001,2023-03-24,398,386,True,2023-03-24,398,337.6,True,1101
688168,-12.153846153846148,-12.153846153846148,-12.153846153846148,-12.153846153846148,True,True,True,True,2024-12-16,44.93,2025-01-06,34.28,2025-02-13,72.89,2025-03-03,54.54,25.17,65.88,2025-03-19,877,865,True,2025-03-20,878,318.5,True,1101
688173,6.635071090047395,6.635071090047395,2.6415094339622636,2.6415094339622636,True,True,True,True,2025-03-21,13.55,2025-04-07,10.03,2025-04-11,13.69,2025-04-28,11.36,17.02,12.8,2025-05-20,792,779,True,2025-05-21,793,271.2,True,976
688175,32.68219383921862,32.68219383921862,32.68219383921862,32.68219383921862,True,True,True,True,2025-08-19,23.15,2025-09-04,19.24,2025-11-14,26.8,2025-11-21,23.52,12.24,25.547,2025-12-09,899,887,True,2025-12-09,899,481.4,True,945
688176,39.80343980343981,39.80343980343981,39.80343980343981,28.57142857142858,True,True,True,True,2025-03-12,8.69,2025-04-09,6.8,2025-04-23,8.74,2025-05-12,7.65,12.47,8.324,2025-05-28,817,805,True,2025-05-29,818,511.0,True,995
688176,31.26338329764453,31.26338329764453,31.26338329764453,23.1621349446123,True,True,True,True,2025-04-23,8.74,2025-05-12,7.65,2025-06-13,9.99,2025-06-23,8.7,12.91,9.497,2025-07-09,846,834,True,2025-07-11,848,350.4,True,995
688178,38.06629834254143,38.06629834254143,38.06629834254143,38.06629834254143,True,True,True,True,2024-12-16,15.16,2025-01-06,11.56,2025-02-12,17.85,2025-03-05,15.0,15.97,16.761,2025-03-28,879,867,True,2025-03-28,879,501.8,True,1096
688183,-1.4852822036186986,-1.4852822036186986,-1.4852822036186986,-1.4852822036186986,True,True,True,True,2024-07-12,29.1,2024-09-19,16.57,2024-11-06,39.39,2024-11-25,29.45,25.23,35.593,2024-12-11,814,802,True,2024-12-13,816,164.5,True,1101
688187,8.296164139161476,8.296164139161476,8.296164139161476,8.296164139161476,True,True,True,True,2024-04-19,53.98,2024-06-28,45.22,2024-07-10,56.55,2024-07-17,48.2,14.77,53.36,2024-08-02,702,690,True,2024-08-02,702,185.4,True,1075
688191,8.504958047292144,8.504958047292144,8.504958047292144,8.504958047292144,True,True,True,True,2024-11-11,21.97,2025-01-06,15.96,2025-02-26,27.27,2025-03-13,21.91,19.66,25.222,2025-03-31,885,873,True,2025-04-14,894,177.8,True,1094
688192,16.302003081664097,16.302003081664097,16.302003081664097,16.302003081664097,True,True,True,True,2025-02-28,50.38,2025-04-07,42.4,2025-06-12,67.01,2025-06-26,58.01,13.43,63.572,2025-07-14,868,856,True,2025-07-17,871,313.0,True,1014
688197,-17.898457583547554,-17.898457583547554,-17.898457583547554,-17.898457583547554,True,True,True,True,2022-12-08,28.4,2022-12-27,23.0,2023-03-15,47.86,2023-04-03,38.99,18.53,44.472,2023-04-20,262,250,True,2023-04-20,262,314.0,True,947
688200,-3.11111111111112,-3.11111111111112,-3.11111111111112,-6.089221751872365,True,True,True,True,2024-11-11,139.02,2025-01-02,100.0,2025-03-06,164.32,2025-04-09,127.9,22.16,150.408,2025-04-25,903,891,True,2025-08-25,985,277.6,True,1101
688206,21.052631578947366,21.052631578947366,10.08282319049334,10.08282319049334,True,True,True,True,2024-12-03,24.59,2025-01-06,17.05,2025-04-14,28.39,2025-04-28,20.51,27.76,25.38,2025-05-29,815,795,True,2025-05-30,816,385.7,True,992
688206,24.279102883588454,16.07328033183546,25.19288829251929,40.66687441570582,True,True,True,True,2025-05-08,24.91,2025-05-28,23.0,2025-06-03,33.19,2025-06-23,25.0,24.68,30.061,2025-07-17,849,831,True,2025-08-14,869,316.2,True,992
688206,-14.566623544631296,-14.566623544631296,-14.566623544631296,-14.566623544631296,True,True,True,True,2025-06-03,33.19,2025-06-23,25.0,2025-09-01,39.6,2025-09-04,31.5,20.45,36.506,2025-09-22,896,884,True,2025-09-23,897,239.5,True,992
688208,-36.12975391498882,-36.12975391498882,-36.12975391498882,-35.984590981191936,True,True,True,True,2024-12-26,44.06,2025-01-07,33.71,2025-02-07,47.5,2025-03-04,40.65,14.42,44.883,2025-03-20,878,866,False,,-1,79.1,True,1101
688210,,,,,True,True,True,True,2025-12-05,58.5,2025-12-18,46.88,2026-01-12,60.1,2026-01-14,49.3,17.97,55.974,2026-01-30,993,981,True,2026-01-30,993,122.2,True,1003
688213,-10.008653014133262,-13.412705794809787,-13.412705794809787,-18.61206896551725,True,True,True,True,2025-07-04,108.4,2025-08-15,93.85,2025-09-01,114.84,2025-09-04,95.3,17.01,107.376,2025-09-24,816,802,True,2025-09-25,817,166.4,True,910
688216,-14.094232331437862,-14.094232331437862,-14.094232331437862,-14.094232331437862,True,True,True,True,2024-07-22,18.78,2024-09-18,13.97,2024-11-11,26.9,2024-11-27,20.76,22.83,24.555,2024-12-13,816,804,False,,-1,79.8,True,1101
688223,-4.107424960505524,-4.107424960505524,-4.107424960505524,-4.107424960505524,True,True,True,True,2025-09-08,6.14,2025-09-23,5.01,2025-10-14,6.2,2025-10-23,5.23,15.65,5.829,2025-11-10,915,903,True,2025-11-10,915,456.7,True,982
688226,36.97632058287796,36.97632058287796,36.97632058287796,36.97632058287796,True,True,True,True,2024-05-29,24.22,2024-08-23,13.76,2024-12-26,28.1,2025-01-06,22.74,19.07,26.052,2025-01-22,843,831,True,2025-01-22,843,415.3,True,1101
688228,-1.6850291639663006,-5.941591137965752,-5.941591137965752,-14.998186434530291,True,True,True,True,2022-10-31,40.88,2022-12-29,30.57,2023-02-06,54.82,2023-02-27,42.91,21.73,50.27,2023-03-17,393,379,True,2023-03-22,396,268.5,True,1091
688233,83.20301968185493,83.20301968185493,83.20301968185493,48.371152549988786,True,True,True,True,2025-05-07,30.65,2025-06-13,26.11,2025-08-25,40.5,2025-09-04,31.47,22.3,37.051,2025-09-23,1006,993,True,2025-09-24,1007,858.3,True,1101
688233,34.008824971400564,34.008824971400564,34.008824971400564,34.008824971400564,True,True,True,True,2025-08-25,40.5,2025-09-04,31.47,2025-10-09,54.62,2025-10-23,42.05,23.01,49.818,2025-11-10,1034,1022,True,2025-11-10,1034,532.4,True,1101
688256,-15.68059244948885,-15.68059244948885,-15.68059244948885,-15.68059244948885,True,True,True,True,2024-03-18,197.66,2024-04-22,130.02,2024-06-20,222.2,2024-07-05,187.5,15.62,208.945,2024-07-23,720,708,True,2024-07-23,720,1701.1,True,1101
688258,-24.746376811594196,-24.746376811594196,-24.746376811594196,-38.18357280720567,True,True,True,True,2023-01-04,47.82,2023-01-12,39.38,2023-04-20,95.0,2023-05-04,70.5,25.79,85.641,2023-05-22,435,423,True,2023-05-31,442,106.2,True,1101
688258,,,,,True,True,True,True,2025-11-03,70.7,2025-11-17,60.5,2025-11-25,73.18,2025-12-11,62.35,14.8,69.043,2025-12-29,1069,1057,True,2025-12-29,1069,1077.5,True,1101
688266,3.47920210298438,3.47920210298438,3.47920210298438,3.47920210298438,True,True,True,True,2024-06-17,58.66,2024-07-26,49.0,2024-08-16,59.18,2024-09-24,53.19,10.12,56.892,2024-10-17,775,763,True,2024-10-17,775,946.6,True,1101
688266,-9.905511811023626,-9.905511811023626,-9.905511811023626,-9.905511811023626,True,True,True,True,2025-05-06,110.93,2025-05-19,89.35,2025-06-17,125.99,2025-06-30,102.47,18.67,117.005,2025-07-16,957,945,True,2025-07-16,957,134.8,True,1101
688269,16.337782936738243,16.337782936738243,16.337782936738243,16.337782936738243,True,True,True,True,2025-03-18,28.66,2025-04-07,24.0,2025-05-14,34.99,2025-05-28,30.63,12.46,33.324,2025-06-16,935,923,True,2025-07-18,959,398.2,True,1101
688269,6.880466472303204,6.880466472303204,6.880466472303204,3.694083694083705,True,True,True,True,2025-05-14,34.99,2025-05-28,30.63,2025-06-12,35.75,2025-07-04,31.76,11.16,34.226,2025-07-22,961,949,True,2025-07-30,967,406.8,True,1101
688276,-9.65092402464065,-9.65092402464065,-9.65092402464065,-9.65092402464065,True,True,True,True,2022-08-05,66.0,2022-10-13,52.8,2022-11-07,74.6,2022-11-23,64.01,14.2,70.555,2022-12-09,329,317,True,2022-12-09,329,135.8,True,1101
688278,-5.484416525730862,-5.484416525730862,-5.484416525730862,-5.484416525730862,True,True,True,True,2022-06-09,32.53,2022-08-02,24.8,2022-09-07,36.15,2022-09-26,28.9,20.06,33.38,2022-10-19,292,280,True,2022-10-19,292,285.5,True,1101
688282,3.3451957295373758,3.3451957295373758,3.3451957295373758,3.3451957295373758,True,True,True,True,2024-12-13,34.68,2025-01-06,28.28,2025-02-10,34.81,2025-02-26,31.22,10.31,33.439,2025-03-14,722,710,True,2025-03-14,722,697.2,True,948
688282,0.7884082676326454,0.7884082676326454,0.7884082676326454,0.7884082676326454,True,True,True,True,2025-02-10,34.81,2025-02-26,31.22,2025-03-19,45.88,2025-04-07,36.27,20.95,42.209,2025-04-23,749,737,True,2025-04-23,749,299.0,True,948
688302,5.578093306288023,5.578093306288023,5.578093306288023,5.578093306288023,True,True,True,True,2025-03-07,40.38,2025-03-27,31.1,2025-04-03,43.4,2025-04-28,37.55,13.48,41.165,2025-05-19,750,738,True,2025-05-19,750,588.5,True,935
688307,21.16613418530351,10.987654320987673,10.987654320987673,7.53341433778858,True,True,True,True,2025-07-28,41.5,2025-09-04,30.55,2025-09-25,44.27,2025-10-15,33.55,24.22,40.175,2025-11-06,660,644,True,2025-12-11,685,172.0,True,729
688308,-9.117828500925352,-9.117828500925352,-10.397741222685985,,True,True,True,False,2022-11-21,81.0,2022-11-30,65.62,2023-01-09,84.96,2023-02-01,74.95,11.78,81.136,2023-02-20,374,361,False,,-1,70.2,True,1101
688309,35.967162647511564,35.967162647511564,35.967162647511564,35.967162647511564,True,True,True,True,2025-03-18,16.21,2025-04-09,12.34,2025-06-10,17.85,2025-06-23,15.59,12.66,16.987,2025-07-09,950,938,True,2025-07-09,950,675.2,True,1099
688313,-18.158168574401657,-18.158168574401657,-18.158168574401657,-18.158168574401657,True,True,True,True,2025-09-23,81.07,2025-10-17,53.88,2025-11-11,92.5,2025-11-24,67.05,27.51,82.778,2025-12-10,1047,1035,True,2025-12-10,1047,173.1,True,1092
688319,1.7834394904458595,1.7834394904458595,1.7834394904458595,1.7834394904458595,True,True,True,True,2024-12-04,12.88,2025-01-06,10.07,2025-03-07,16.15,2025-04-07,12.45,22.91,14.737,2025-04-23,901,889,True,2025-04-23,901,600.8,True,1101
688319,-14.31010928961749,-14.31010928961749,-14.31010928961749,-14.31010928961749,True,True,True,True,2025-05-29,18.74,2025-07-07,15.41,2025-07-22,24.6,2025-08-12,19.99,18.74,22.839,2025-08-28,988,976,True,2025-08-28,988,255.5,True,1101
688325,-12.154486936766384,-12.154486936766384,-12.154486936766384,-12.154486936766384,True,True,True,True,2024-08-01,37.67,2024-09-24,29.6,2024-10-21,53.69,2024-11-04,44.2,17.68,50.065,2024-11-20,625,613,True,2024-11-20,625,139.9,True,927
688332,-9.268169156748552,-9.268169156748552,-9.268169156748552,-9.268169156748552,True,True,True,True,2023-02-10,73.0,2023-02-28,55.84,2023-04-12,80.86,2023-05-05,66.33,17.97,75.31,2023-05-23,206,194,True,2023-05-23,206,165.7,True,871
688336,-12.208347025961219,-12.208347025961219,-12.208347025961219,-12.208347025961219,True,True,True,True,2025-03-19,30.3,2025-04-09,23.46,2025-04-23,30.67,2025-05-16,26.8,12.62,29.192,2025-06-04,927,915,True,2025-06-04,927,1452.2,True,1101
688338,9.262135922330096,9.262135922330096,9.262135922330096,9.262135922330096,True,True,True,True,2022-12-14,36.79,2022-12-29,31.35,2023-02-06,51.65,2023-02-16,43.62,15.55,48.583,2023-03-06,384,372,True,2023-03-07,385,191.5,True,1101
688353,137.58947125375204,137.58947125375204,136.9227449287872,136.9227449287872,True,True,True,True,2025-08-04,38.0,2025-08-28,31.41,2025-09-08,50.7,2025-09-26,38.95,23.18,46.212,2025-10-30,799,781,True,2025-10-31,800,987.7,True,873
688372,-15.477771700914122,-15.477771700914122,-15.477771700914122,-30.420439390748932,True,True,True,True,2023-02-02,128.19,2023-03-29,98.02,2023-04-20,148.0,2023-05-04,104.0,29.73,131.192,2023-05-22,138,126,True,2023-06-05,148,124.5,True,804
688373,18.328445747800593,18.328445747800593,18.328445747800593,18.328445747800593,True,True,True,True,2025-05-08,6.7,2025-05-28,5.59,2025-06-09,7.28,2025-06-23,5.97,17.99,6.78,2025-07-09,707,695,True,2025-07-11,709,331.3,True,856
688375,-1.183098591549303,-1.183098591549303,-1.183098591549303,-1.183098591549303,True,True,True,True,2025-06-27,61.05,2025-07-17,57.21,2025-07-23,68.8,2025-08-20,60.2,12.5,65.515,2025-09-05,759,747,True,2025-09-05,759,1371.7,True,866
688377,9.809434551702601,9.809434551702601,9.809434551702601,9.809434551702601,True,True,True,True,2022-03-21,27.65,2022-04-25,22.18,2022-05-16,30.3,2022-05-26,26.51,12.51,28.852,2022-06-14,207,195,True,2022-06-14,207,516.9,True,1101
688377,31.878866818625863,38.1024096385542,38.1024096385542,38.1024096385542,True,True,True,True,2022-05-16,30.3,2022-05-26,26.51,2022-06-13,34.51,2022-06-23,28.63,17.04,32.264,2022-07-19,232,214,True,2022-07-20,233,297.1,True,1101
688382,79.79381443298969,79.79381443298969,79.79381443298969,79.79381443298969,True,True,True,True,2025-01-20,14.6,2025-02-18,12.32,2025-04-28,23.5,2025-05-12,18.9,19.57,21.743,2025-05-28,687,675,True,2025-05-28,687,669.1,True,865
688382,6.371191135734056,6.371191135734056,6.371191135734056,6.371191135734056,True,True,True,True,2025-04-28,23.5,2025-05-12,18.9,2025-06-13,37.39,2025-06-26,30.03,19.68,34.578,2025-07-14,719,707,True,2025-07-15,720,267.0,True,865
688385,-29.140633002150974,-29.140633002150974,-29.140633002150974,-29.140633002150974,True,True,True,True,2022-06-29,68.62,2022-08-01,54.08,2022-09-14,84.98,2022-10-10,66.8,21.39,78.035,2022-10-26,295,283,True,2022-10-26,295,181.8,True,1099
688385,1.0467848750266961,2.8601252609603334,2.26757369614512,13.705583756345185,True,True,True,True,2024-12-10,43.94,2025-01-13,33.66,2025-03-12,53.95,2025-04-07,42.27,21.65,49.488,2025-06-06,927,887,True,2025-08-06,970,240.5,True,1099
688385,19.85532076908434,19.85532076908434,19.85532076908434,19.85532076908434,True,True,True,True,2025-06-06,49.72,2025-06-13,44.93,2025-07-01,50.97,2025-07-17,45.12,11.48,48.735,2025-08-04,968,956,True,2025-08-04,968,937.6,True,1099
688386,-8.018867924528294,-8.018867924528294,-8.018867924528294,-8.018867924528294,True,True,True,True,2024-12-10,34.18,2025-01-06,28.02,2025-03-13,48.29,2025-04-07,38.5,20.27,44.55,2025-04-23,901,889,True,2025-04-23,901,502.0,True,1101
688389,-15.686994856723002,-15.686994856723002,-15.686994856723002,-15.686994856723002,True,True,True,True,2022-11-11,22.9,2022-12-27,16.95,2023-03-09,28.39,2023-03-27,24.01,15.43,26.717,2023-04-13,411,399,True,2023-04-17,413,130.8,True,1101
688392,14.96922540936012,14.96922540936012,14.96922540936012,8.46846846846847,True,True,True,True,2025-03-19,61.5,2025-04-09,38.51,2025-08-06,92.18,2025-09-04,74.9,18.75,85.579,2025-09-22,724,712,True,2025-09-24,726,492.5,True,820
688398,17.247007616974976,17.247007616974976,17.247007616974976,17.247007616974976,True,True,True,True,2025-03-17,18.88,2025-04-09,13.24,2025-05-29,19.2,2025-06-20,16.01,16.61,17.981,2025-07-08,951,939,True,2025-07-17,958,254.9,True,1101
688398,-1.91313340227508,-4.3824701195219085,-4.3824701195219085,-7.788461538461544,True,True,True,True,2025-05-29,19.2,2025-06-20,16.01,2025-07-02,21.84,2025-07-15,17.95,17.81,20.354,2025-08-07,973,956,True,2025-08-11,975,159.1,True,1101
688401,-2.1569042080778145,-2.1569042080778145,-2.1569042080778145,-2.1569042080778145,True,True,True,True,2025-06-30,34.8,2025-07-15,32.5,2025-08-15,46.08,2025-09-04,38.82,15.76,43.307,2025-09-22,752,740,True,2025-09-22,752,342.7,True,848
688425,-19.74317817014447,-19.74317817014447,-19.74317817014447,-19.74317817014447,True,True,True,True,2022-12-05,4.38,2022-12-29,3.92,2023-03-20,6.02,2023-04-03,5.2,13.62,5.707,2023-04-20,416,404,True,2023-04-20,416,182.9,True,1101
688428,17.71496815286624,6.98841698841699,6.98841698841699,1.2363122571529495,True,True,True,True,2025-03-10,19.67,2025-04-09,15.18,2025-06-09,28.73,2025-06-23,23.31,18.87,26.66,2025-07-10,676,663,True,2025-07-11,677,197.6,True,824
688429,-28.530259365994237,-28.530259365994237,-28.530259365994237,-28.530259365994237,True,True,True,True,2024-08-02,17.78,2024-08-23,13.8,2024-10-08,23.29,2024-10-17,15.99,31.34,20.501,2024-11-04,326,314,True,2024-11-04,326,291.9,True,640
688433,,,,,True,True,True,True,2025-09-18,61.6,2025-11-04,45.25,2025-12-01,64.66,2025-12-12,50.96,21.19,59.427,2025-12-30,657,645,True,2025-12-30,657,337.5,True,688
688496,-23.969849246231146,-23.969849246231146,-23.969849246231146,-23.969849246231146,True,True,True,True,2023-10-13,16.21,2023-10-27,11.91,2023-11-20,20.76,2023-12-27,16.75,19.32,19.228,2024-01-15,254,242,False,,-1,93.5,True,759
688509,2.020202020202011,2.020202020202011,,,True,True,True,True,2025-08-27,4.99,2025-10-17,4.18,2025-10-22,5.34,2025-11-21,4.52,15.36,5.027,2025-12-24,1066,1043,True,2025-12-31,1071,229.3,True,1101
688513,42.10146669872565,42.10146669872565,26.629422718808193,32.237871674491394,True,True,True,True,2025-04-23,41.99,2025-05-15,32.55,2025-06-13,46.21,2025-06-26,37.5,18.85,42.883,2025-07-16,957,943,True,2025-07-22,961,415.2,True,1101
688519,40.288480537443206,40.288480537443206,40.288480537443206,40.288480537443206,True,True,True,True,2025-05-06,39.24,2025-05-30,32.9,2025-07-04,47.99,2025-07-16,39.67,17.34,44.812,2025-08-01,969,957,True,2025-08-01,969,638.6,True,1101
688519,-18.430255148296848,-18.430255148296848,-18.430255148296848,-18.430255148296848,True,True,True,True,2025-07-04,47.99,2025-07-16,39.67,2025-08-26,82.0,2025-09-04,57.73,29.6,72.729,2025-09-22,1005,993,True,2025-10-09,1012,215.4,True,1101
688531,-26.182033096926716,-26.182033096926716,-26.182033096926716,-26.182033096926716,True,True,True,True,2025-03-19,64.43,2025-04-07,49.4,2025-04-25,69.18,2025-05-15,60.82,12.08,65.986,2025-06-03,523,511,True,2025-06-05,525,175.6,True,698
688536,-5.539103513258858,-5.539103513258858,-5.539103513258858,-5.539103513258858,True,True,True,True,2024-12-10,114.5,2025-01-13,78.38,2025-03-18,135.64,2025-04-09,112.63,16.96,126.85,2025-04-25,893,881,True,2025-04-25,893,286.5,True,1081
688536,17.904898962643156,17.904898962643156,17.904898962643156,17.904898962643156,True,True,True,True,2025-08-04,153.55,2025-08-20,137.45,2025-09-15,178.56,2025-10-23,147.6,17.34,166.733,2025-11-10,1024,1012,True,2026-01-07,1054,232.1,True,1081
688538,-5.964912280701751,-5.964912280701751,-5.964912280701751,-5.964912280701751,True,True,True,True,2025-06-03,2.43,2025-06-13,2.27,2025-09-01,2.9,2025-09-11,2.58,11.03,2.778,2025-09-29,1010,998,True,2025-09-29,1010,128.1,False,1101
688548,-10.83032490974729,-10.83032490974729,-10.83032490974729,5.933682373472937,True,True,True,True,2025-03-06,11.55,2025-03-13,10.2,2025-04-01,11.74,2025-04-09,10.26,12.61,11.175,2025-04-25,409,397,True,2025-08-13,483,188.5,True,607
688566,5.45790934320074,5.45790934320074,5.45790934320074,5.45790934320074,True,True,True,True,2023-01-10,24.73,2023-02-13,22.74,2023-03-09,33.27,2023-03-30,27.97,15.93,31.245,2023-04-18,414,402,True,2023-05-05,424,264.0,True,1101
688566,-34.632145603691356,-34.632145603691356,-34.632145603691356,-34.632145603691356,True,True,True,True,2023-04-14,34.9,2023-05-12,27.3,2023-05-31,38.75,2023-06-12,33.34,13.96,36.683,2023-06-30,462,450,True,2023-06-30,462,159.3,True,1101
688567,27.02366127023661,27.02366127023661,27.02366127023661,27.02366127023661,True,True,True,True,2025-05-12,13.73,2025-05-27,12.74,2025-06-25,15.22,2025-07-15,13.48,11.43,14.555,2025-07-31,961,949,True,2025-07-31,961,524.1,True,1094
688578,36.21930567315832,36.21930567315832,14.30587405186099,14.30587405186099,True,True,True,True,2023-12-12,48.32,2024-02-05,32.25,2024-03-18,51.2,2024-04-09,44.88,12.34,48.786,2024-04-26,662,649,True,2024-04-26,662,379.6,True,1101
688578,7.548445245606117,7.548445245606117,7.548445245606117,7.548445245606117,True,True,True,True,2024-12-13,66.93,2025-01-07,57.03,2025-03-06,85.77,2025-03-14,72.38,15.61,80.655,2025-04-01,886,874,True,2025-04-01,886,372.1,True,1101
688580,-4.62734686136923,-4.62734686136923,-4.62734686136923,-4.62734686136923,True,True,True,True,2025-06-09,49.5,2025-06-20,42.02,2025-07-01,50.5,2025-07-23,43.5,13.86,47.826,2025-08-08,974,962,True,2025-08-08,974,411.0,True,1101
688590,-21.65548098434005,-20.447564721369027,-24.948875255623715,-24.948875255623715,True,True,True,True,2023-04-06,15.43,2023-04-26,10.93,2023-06-20,26.6,2023-07-13,19.62,26.24,23.934,2023-08-04,487,471,False,,-1,80.9,True,1101
688600,17.644502390265092,5.905511811023612,5.905511811023612,5.905511811023612,True,True,True,True,2025-08-26,25.09,2025-10-13,20.81,2025-10-28,26.44,2025-11-21,21.49,18.72,24.549,2025-12-15,1059,1043,True,2026-01-07,1074,196.2,True,1101
688607,69.23485653560041,69.23485653560041,61.69206516027324,49.95049504950495,True,True,True,True,2025-03-18,18.94,2025-04-09,14.21,2025-06-13,19.93,2025-06-20,17.37,12.84,18.952,2025-07-11,954,939,True,2025-07-14,955,1124.6,True,1101
688607,0.0,-5.798928458871733,-4.122722914669219,94.47312481020349,True,True,True,True,2025-06-13,19.93,2025-06-20,17.37,2025-08-11,34.43,2025-08-25,28.55,17.08,32.184,2025-09-23,1006,985,True,2025-12-01,1049,665.1,True,1101
688613,-13.10133060388945,-13.10133060388945,-13.10133060388945,-13.10133060388945,True,True,True,True,2024-08-16,16.49,2024-09-18,12.88,2024-11-12,19.35,2024-11-27,16.47,14.88,18.25,2024-12-13,816,804,True,2024-12-13,816,175.3,True,1101
688613,-20.292025458629737,-20.292025458629737,-20.292025458629737,-20.292025458629737,True,True,True,True,2025-06-11,21.52,2025-07-10,17.7,2025-08-18,22.14,2025-08-28,19.15,13.5,20.998,2025-09-15,1000,988,True,2025-09-15,1000,358.9,True,1101
688620,4.037005887300249,10.31613976705492,7.574536663980647,12.041467304625208,True,True,True,True,2025-05-07,12.65,2025-05-23,11.1,2025-05-27,13.0,2025-06-23,11.4,12.31,12.389,2025-07-28,506,481,True,2025-08-01,510,266.9,True,642
688630,-8.440677966101696,-8.440677966101696,-8.440677966101696,-14.74029524330236,True,True,True,True,2022-11-03,84.0,2022-11-14,65.67,2022-12-12,95.88,2022-12-23,78.24,18.4,89.142,2023-01-11,351,339,True,2023-01-30,359,146.5,True,1101
688630,0.08099352051835762,0.08099352051835762,0.08099352051835762,0.08099352051835762,True,True,True,True,2024-12-11,66.68,2025-01-08,52.82,2025-02-26,70.67,2025-03-13,61.39,13.13,67.125,2025-03-31,885,873,True,2025-03-31,885,1116.5,True,1101
688630,-25.681063122923586,-25.681063122923586,-25.681063122923586,-25.681063122923586,True,True,True,True,2025-04-22,78.66,2025-05-26,67.43,2025-09-01,159.99,2025-09-04,118.78,25.76,144.248,2025-09-22,1005,993,True,2025-09-24,1007,199.9,True,1101
688633,-10.878661087866115,-10.878661087866115,-10.878661087866115,-10.878661087866115,True,True,True,True,2024-12-04,28.48,2024-12-18,23.68,2025-01-15,29.23,2025-02-05,25.53,12.66,27.817,2025-02-21,859,847,True,2025-02-25,861,147.8,True,1101
688639,-16.899868823786623,-16.899868823786623,-16.899868823786623,-16.899868823786623,True,True,True,True,2022-11-18,169.6,2022-12-23,135.0,2023-02-06,183.85,2023-02-22,162.73,11.49,175.782,2023-03-10,388,376,True,2023-03-10,388,106.9,True,1101
688658,-27.312425565700682,-27.312425565700682,-27.312425565700682,-27.312425565700682,True,True,True,True,2023-03-07,20.66,2023-03-23,17.97,2023-04-18,22.79,2023-05-10,20.5,10.05,21.915,2023-05-26,439,427,True,2023-05-26,439,322.3,True,1101
688663,27.27272727272725,27.27272727272725,27.27272727272725,27.27272727272725,True,True,True,True,2025-05-30,29.32,2025-06-26,26.4,2025-07-30,34.09,2025-08-08,29.92,12.23,32.497,2025-08-26,986,974,True,2025-08-26,986,718.5,True,1101
688663,-6.684256816182932,-6.684256816182932,-6.684256816182932,-6.684256816182932,True,True,True,True,2025-07-30,34.09,2025-08-08,29.92,2025-10-10,46.0,2025-10-23,38.84,15.57,43.265,2025-11-10,1034,1022,True,2025-11-10,1034,293.9,True,1101
688665,-22.672131147540988,-22.672131147540988,-22.672131147540988,-24.644325007903888,True,True,True,True,2025-05-20,48.5,2025-06-18,39.56,2025-08-22,66.33,2025-09-05,55.03,17.04,62.013,2025-09-23,1006,994,False,,-1,81.0,True,1101
688670,-9.930631617378605,-9.930631617378605,-14.458041958041967,-14.458041958041967,True,True,True,True,2023-02-03,52.6,2023-02-20,46.4,2023-02-27,59.87,2023-03-20,47.92,19.96,55.305,2023-04-07,407,394,True,2023-04-14,412,184.8,True,1101
688683,-12.008854454897621,-12.008854454897621,-12.008854454897621,-12.008854454897621,True,True,True,True,2025-05-07,26.28,2025-05-30,22.68,2025-08-12,34.58,2025-08-28,29.39,15.01,32.597,2025-09-15,1000,988,True,2025-09-15,1000,200.6,True,1101
688689,-16.146044624746438,-16.146044624746438,-9.660253786328287,-7.1694985495234125,True,True,True,True,2024-06-20,24.98,2024-09-18,15.77,2024-10-09,26.8,2024-11-04,21.99,17.95,24.963,2024-11-21,800,787,False,,-1,79.2,True,1101
688698,-24.558823529411754,-24.558823529411754,-24.558823529411754,-24.558823529411754,True,True,True,True,2023-03-03,27.28,2023-03-16,21.4,2023-05-19,32.3,2023-06-09,27.36,15.29,30.413,2023-06-29,461,449,True,2023-06-29,461,357.1,True,1101
688719,,,,,True,True,True,False,2025-10-14,51.2,2025-11-21,36.33,2025-12-15,57.8,2025-12-31,42.68,26.16,52.024,2026-01-20,557,545,False,,-1,69.2,True,575
688722,1.4866204162537144,1.4866204162537144,0.6292352371732868,-13.907888736890106,True,True,True,True,2022-08-30,22.21,2022-10-11,16.91,2022-10-19,22.47,2022-11-15,18.41,18.07,20.919,2022-12-02,275,262,True,2023-02-14,321,107.1,True,1052
688722,29.846153846153854,29.846153846153854,21.260744985673362,22.27979274611398,True,True,True,True,2024-12-11,15.49,2025-01-08,11.34,2025-02-26,18.39,2025-03-13,15.14,17.67,17.149,2025-04-09,842,824,True,2025-04-18,849,352.6,True,1052
688776,20.66574202496532,32.647937836222326,15.829694323144118,7.975206611570251,True,True,True,True,2024-12-12,62.68,2025-01-06,43.87,2025-04-02,104.28,2025-04-09,62.11,40.44,88.171,2025-05-06,886,870,True,2025-05-23,899,139.4,True,1080
688799,7.05445544554455,7.05445544554455,7.05445544554455,-9.082148879787999,True,True,True,True,2023-03-01,36.65,2023-03-14,34.29,2023-04-28,42.5,2023-05-15,37.45,11.88,40.571,2023-05-31,442,430,True,2023-07-04,464,224.4,True,1101
688981,-1.8997951201340957,-1.8997951201340957,-3.6840175953079313,-1.5026571376213993,True,True,True,True,2023-08-04,51.61,2023-08-14,46.3,2023-09-05,58.66,2023-09-18,48.42,17.46,54.748,2023-10-13,531,518,True,2023-10-30,542,107.0,True,1095
